,index,atom1,atom2,atom3,atom_name,"D(1,2)","D(2,3)","D(1,3)",A(1),A(2),A(3),label1,label2,label3,midD3,theta
0,0,1,2,3,-10,1.4249452621065857,1.5204805161527066,2.4276939675338,35.78825428020318,110.97857146644839,33.233174253348416,3,2,1,2.715179289228202,60.12368474216983
1,1,1,2,4,-10,1.4249452621065857,2.4291286503600444,2.968292606870153,54.2648908940213,97.29991146070687,28.43519764527183,2,4,1,2.6368862312908723,2.767270497624099
2,2,1,2,5,-10,1.4249452621065857,2.573138356171311,2.8968096243971555,62.586607359237995,87.96809976128151,29.4452928794805,5,2,1,3.5983790307275116,47.86228709262945
3,3,1,2,6,-10,1.4249452621065857,3.663561245564211,4.247292549377779,56.684510467389245,104.34808231784986,18.9674072147609,2,6,1,3.075672171861385,16.840110859841744
4,4,1,2,7,-10,1.4249452621065857,3.4057524866026316,3.2871256440848144,82.4151603920966,73.08234073077085,24.502498877132563,7,2,1,2.1588429980384536,116.18818280229594
5,5,1,2,8,-10,1.4249452621065857,3.5070303677042785,3.6966645776970353,71.19173777823765,86.1884094729548,22.619852748807556,8,2,1,5.217811431268731,24.623231124787797
6,6,1,2,9,-10,1.4249452621065857,4.447026084924621,4.320239113752847,85.71987861577135,75.64544137976141,18.63468000446719,1,9,2,3.246278268701689,20.058869692886
7,7,1,2,10,-10,1.4249452621065857,5.764304728239133,5.719117938983249,84.67869453008008,81.0723150204306,14.248990449489359,10,2,1,6.685348946593306,58.22552099025917
8,8,1,2,11,-10,1.4249452621065857,6.19686130230458,6.361950094114225,76.91815400024758,90.13901892681261,12.942827072939895,2,11,1,4.079589498115172,16.71199622502212
9,9,1,2,12,-10,1.4249452621065857,6.753365161162249,6.5423135051753665,92.3841281662615,75.44574433293809,12.170127500800469,1,12,2,3.9271111384931077,20.32833446268408
10,10,1,2,13,-10,1.4249452621065857,6.695575479374423,6.266112510959247,101.42089468235747,66.5384960365097,12.04060928113284,13,2,1,3.7660330055788434,123.38010485071959
11,11,1,2,14,-10,1.4249452621065857,7.919420496475737,7.41449216062705,105.68348896144785,64.34074487510007,9.97576616345209,1,14,2,3.3574836481634427,22.5791943840755
12,12,1,2,15,-10,1.4249452621065857,5.606329547930625,5.021208420290875,107.01724991933567,58.916778811392916,14.06597126927141,15,2,1,5.573846267642037,63.97066054524243
13,13,1,2,16,-10,1.4249452621065857,4.388534265560657,3.9118558255641265,99.94915036740271,61.39915230265244,18.651697329944835,16,2,1,1.812470489841764,154.89632873658965
14,14,1,3,4,-10,2.4276939675338,1.4538098225008689,2.968292606870153,29.117117638139554,96.53610974788688,54.34677261397356,3,4,1,2.9568181568508916,38.214188003784486
15,15,1,3,5,-10,2.4276939675338,1.5324496729093569,2.8968096243971555,31.93158401272423,91.15056114619888,56.91785484107688,5,3,1,2.1996593802793547,151.6259380926934
16,16,1,3,6,-10,2.4276939675338,2.4311717339587484,4.247292549377779,29.080318104024013,121.8849357713699,29.034746124606126,3,6,1,3.480712303206659,24.515892166490946
17,17,1,3,7,-10,2.4276939675338,2.398955814515973,3.2871256440848144,46.709579657384886,85.84723143945838,47.443188903156745,7,3,1,4.441963025616376,13.432050206611484
18,18,1,3,8,-10,2.4276939675338,2.3344213415748234,3.6966645776970353,38.17747548030639,101.82191303442008,40.000611485273545,8,3,1,4.559279658785889,37.14304887567508
19,19,1,3,9,-10,2.4276939675338,3.5965063603447165,4.320239113752847,56.350391867601076,89.4615983633455,34.188009769053416,1,9,3,0.5263885815249044,114.70595680637614
20,20,1,3,10,-10,2.4276939675338,4.772280586889251,5.719117938983249,55.25158144678708,100.04093090932768,24.70748764388526,10,3,1,3.679624346650792,140.1174798210157
21,21,1,3,11,-10,2.4276939675338,4.979107048457585,6.361950094114225,45.69290768348215,113.88627483970393,20.42081747681393,3,11,1,1.8906525176321254,65.66762235319857
22,22,1,3,12,-10,2.4276939675338,5.934895955280093,6.5423135051753665,64.90462101574373,93.35258056104739,21.74279842320889,1,12,3,4.923029523512736,25.613320079681312
23,23,1,3,13,-10,2.4276939675338,6.157050105367019,6.266112510959247,76.21675600519667,81.26727808872657,22.51596590607676,13,3,1,9.062553563240368,20.269962777737394
24,24,1,3,14,-10,2.4276939675338,7.4640012057876834,7.41449216062705,81.76397521100675,79.45820877554462,18.777816013448625,1,14,3,1.3032934382160835,8.837032161463403
25,25,1,3,15,-10,2.4276939675338,5.311114195722024,5.021208420290875,83.17249888567434,69.83618506840952,26.991316045916136,15,3,1,6.311383619751759,49.71723385277103
26,26,1,3,16,-10,2.4276939675338,3.992000250500995,3.9118558255641265,73.92181798172892,70.32094604982431,35.757235968446786,16,3,1,4.99493544569627,46.87461391135271
27,27,1,4,5,-10,2.968292606870153,2.3897374332758816,2.8968096243971555,48.0704475644109,64.39932212102406,67.53023031456505,5,4,1,3.1490017358928535,66.90026776104338
28,28,1,4,6,-10,2.968292606870153,3.250657010513412,4.247292549377779,49.774271083187685,86.0241332470662,44.20159566974613,1,6,4,1.484613425719151,109.42253792448646
29,29,1,4,7,-10,2.968292606870153,2.3276438731043037,3.2871256440848144,43.316895111570055,75.65550994490596,61.02759494352399,7,1,4,3.144728716540915,46.062182858012946
30,30,1,4,8,-10,2.968292606870153,1.4074686497396667,3.6966645776970353,20.947682239509735,110.11556584138266,48.93675191910759,8,1,4,2.0371819760670657,42.12474499041997
31,31,1,4,9,-10,2.968292606870153,2.3658455148212854,4.320239113752847,31.457471004689936,107.64144027537394,40.90108871993614,9,1,4,4.523906638625527,1.8085354622931729
32,32,1,4,10,-10,2.968292606870153,3.4988142277062955,5.719117938983249,30.422405542702684,124.13601981674712,25.44157464055022,10,1,4,1.1641952643978803,114.0108440794651
33,33,1,4,11,-10,2.968292606870153,3.8304072890490364,6.361950094114225,23.585880106355177,138.35085446846335,18.06326542518148,1,11,4,4.298535902832025,43.65686512653929
34,34,1,4,12,-10,2.968292606870153,4.606291892618182,6.5423135051753665,38.50241110098079,117.84628529525129,23.651303603767936,12,1,4,5.406392270558898,58.060705754163145
35,35,1,4,13,-10,2.968292606870153,4.855152417792875,6.266112510959247,48.800761502437645,103.81155305193491,27.387685445627433,13,1,4,7.253704659846055,31.24547827536947
36,36,1,4,14,-10,2.968292606870153,6.1557248963871,7.41449216062705,53.96765160744096,103.08107317211427,22.951275220444753,14,1,4,8.820898026927933,34.870896615811226
37,37,1,4,15,-10,2.968292606870153,4.1340359214694775,5.021208420290875,55.3853263394014,88.39246666074092,36.222206999857676,15,1,4,4.631118971464434,62.71443911140172
38,38,1,4,16,-10,2.968292606870153,2.868838266615948,3.9118558255641265,46.8478321208588,84.14157211983539,49.01059575930583,16,1,4,2.9273320206816513,68.67317497022943
39,39,1,5,6,-10,2.8968096243971555,1.4228035704200364,4.247292549377779,7.320327442555663,157.64412043191697,15.035552125527381,5,6,1,2.3271054355074448,138.24447629845852
40,40,1,5,7,-10,2.8968096243971555,1.5235501304518964,3.2871256440848144,27.61090132310931,90.60033060556525,61.78876807132544,7,5,1,2.977184980085511,107.46417337539685
41,41,1,5,8,-10,2.8968096243971555,2.362216120510565,3.6966645776970353,39.706331443252566,88.71780507064223,51.57586348610523,8,5,1,3.5793757836580147,86.32729156588627
42,42,1,5,9,-10,2.8968096243971555,3.7120802793043115,4.320239113752847,57.96585357813199,80.61612140713787,41.41802501473015,1,9,5,3.3380761081632033,59.04703064479458
43,43,1,5,10,-10,2.8968096243971555,4.808566938288371,5.719117938983249,57.14170533096213,92.45737797999308,30.400916689044806,10,5,1,4.896852986294959,97.1935240837152
44,44,1,5,11,-10,2.8968096243971555,4.913205979805852,6.361950094114225,47.86802725701518,106.20368886241145,25.928283880573407,5,11,1,1.6626564379125475,87.13844023437714
45,45,1,5,12,-10,2.8968096243971555,6.017496157040732,6.5423135051753665,66.71566017413359,87.04063621016779,26.24370361569863,1,12,5,5.749693499087488,19.90994093827623
46,46,1,5,13,-10,2.8968096243971555,6.32265529662973,6.266112510959247,77.7872780573916,75.6104374998496,26.60228444275881,13,5,1,6.72707336559237,67.92702744461394
47,47,1,5,14,-10,2.8968096243971555,7.640671698221299,7.41449216062705,83.33418962190765,74.54459284341479,22.121217534677545,1,14,5,4.888158845685482,36.20153115970494
48,48,1,5,15,-10,2.8968096243971555,5.548250715315591,5.021208420290875,84.43527863825302,64.25583142958645,31.308889932160536,15,5,1,2.2822834007589305,166.40603119931788
49,49,1,5,16,-10,2.8968096243971555,4.226424256981305,3.9118558255641265,75.08992023793851,63.43246638031029,41.477613381751205,16,5,1,5.749775447415016,23.866861541876364
50,50,1,6,7,-10,4.247292549377779,2.4313348185718846,3.2871256440848144,34.78367100185132,50.46889519529783,94.74743380285085,7,6,1,2.2952096688439365,136.67126895524552
51,51,1,6,8,-10,4.247292549377779,3.053948755300254,3.6966645776970353,44.549460061474946,58.12079375513592,77.32974618338915,8,6,1,4.47008103676552,50.69234360720071
52,52,1,6,9,-10,4.247292549377779,4.51066137057527,4.320239113752847,63.52958079782411,59.02303575200457,57.44738345017133,9,1,6,3.588758824776093,100.40727888328924
53,53,1,6,10,-10,4.247292549377779,5.331040986524114,5.719117938983249,62.6390553603822,72.32250915323388,45.03843548638393,10,1,6,4.646431872440474,87.09573065023557
54,54,1,6,11,-10,4.247292549377779,5.097981070973093,6.361950094114225,52.998501999043874,85.29186256904218,41.70963543191396,1,11,6,7.277019964074498,13.408227219884596
55,55,1,6,12,-10,4.247292549377779,6.641138306043624,6.5423135051753665,72.4728148015165,69.94841573407662,37.57876946440687,12,1,6,3.4162863381444675,166.50402728513276
56,56,1,6,13,-10,4.247292549377779,7.180709853489415,6.266112510959247,83.8081492978931,60.174097455060966,36.01775324704593,13,1,6,8.145137859557193,61.188719004304396
57,57,1,6,14,-10,4.247292549377779,8.509812336356186,7.41449216062705,89.45664334943203,60.604014968033795,29.939341682534163,14,1,6,8.956841402794234,71.06326364313674
58,58,1,6,15,-10,4.247292549377779,6.61146201683107,5.021208420290875,90.61712549886434,49.41363487081846,39.96923963031721,15,1,6,8.448906385658564,36.787103473475874
59,59,1,6,16,-10,4.247292549377779,5.311224905800918,3.9118558255641265,81.11389726461152,46.69274032472828,52.1933624106602,16,6,1,5.442174766405434,42.33481304494983
60,60,1,7,8,-10,3.2871256440848144,1.51790579417828,3.6966645776970353,24.203384157477057,93.19452519190068,62.60209065062227,8,7,1,2.9627029853639835,163.49096016012012
61,61,1,7,9,-10,3.2871256440848144,2.523901939458029,4.320239113752847,35.58052772704465,95.14918780827581,49.27028446467951,1,9,7,4.781974490071681,35.931535415331766
62,62,1,7,10,-10,3.2871256440848144,3.5715919419776965,5.719117938983249,35.111416758632764,112.92650332195771,31.96207991940955,10,7,1,4.294469515231645,136.23427666927572
63,63,1,7,11,-10,3.2871256440848144,3.8250388233323847,6.361950094114225,28.80823454640657,126.72828649369154,24.463478959901874,7,11,1,2.8924821805247656,83.67444910926528
64,64,1,7,12,-10,3.2871256440848144,4.702560260113634,6.5423135051753665,42.92793302891553,108.64246073590738,28.429606235177094,1,12,7,3.299500731296624,60.03434368452857
65,65,1,7,13,-10,3.2871256440848144,5.007295577454962,6.266112510959247,52.642872423192976,95.90369539164914,31.45343218515789,13,7,1,3.7653959010768827,176.4224370820855
66,66,1,7,14,-10,3.2871256440848144,6.305556993636644,7.41449216062705,57.737571182973824,96.10604045704902,26.15638835997717,1,14,7,3.9326620968391497,50.862952234419396
67,67,1,7,15,-10,3.2871256440848144,4.3409612990672946,5.021208420290875,58.65102902940848,81.05652460694796,40.29244636364356,15,7,1,6.966039365541732,22.066874871214175
68,68,1,7,16,-10,3.2871256440848144,3.096187817300496,3.9118558255641265,50.027545562110134,75.52196798085527,54.4504864570346,16,7,1,4.877991547840292,43.86624110241242
69,69,1,8,9,-10,3.6966645776970353,1.5000043333270756,4.320239113752847,19.655685960995903,104.35278169781695,55.991532341187096,1,9,8,2.6972478578589074,98.50834996723165
70,70,1,8,10,-10,3.6966645776970353,2.5117565566750324,5.719117938983249,18.642768495205935,133.29256677333817,28.064664731455903,10,8,1,6.952407898622252,9.858465659534335
71,71,1,8,11,-10,3.6966645776970353,2.762980274992929,6.361950094114225,8.61187173722804,159.83120440308127,11.556923859690697,8,11,1,5.002060509505892,16.318961221870453
72,72,1,8,12,-10,3.6966645776970353,3.7506971352003373,6.5423135051753665,28.76809289416754,122.91601007318384,28.315897032648607,1,12,8,6.757355210193988,15.026882377349489
73,73,1,8,13,-10,3.6966645776970353,4.205015695571186,6.266112510959247,40.46250462165802,104.75256030101983,34.78493507732215,13,8,1,8.327987570409984,9.766904716724028
74,74,1,8,14,-10,3.6966645776970353,5.543062059908765,7.41449216062705,46.23947314303053,104.96669514456839,28.793831712401094,1,14,8,6.691721456111789,25.297899605467226
75,75,1,8,15,-10,3.6966645776970353,3.717609043457907,5.021208420290875,47.548109889889425,85.25546700552975,47.19642310458083,15,8,1,6.876444983361645,3.0333768807789685
76,76,1,8,16,-10,3.6966645776970353,2.4769596282539634,3.9118558255641265,37.864472271353705,75.78149618896911,66.35403153967718,16,8,1,5.082582568643826,16.612711542079328
77,77,1,9,10,-10,4.320239113752847,1.402132661341289,5.719117938983249,1.1004395008251135,175.50712240045075,3.392438098724103,1,9,10,5.116314286791167,94.841443416209
78,78,1,9,11,-10,4.320239113752847,2.2799923245484863,6.361950094114225,11.10775856419749,147.4814791881627,21.410762247639784,9,11,1,5.4466959808289,7.864511452340299
79,79,1,9,12,-10,4.320239113752847,2.377300990619405,6.5423135051753665,9.11577743306536,154.1511844694078,16.73303809752681,12,9,1,7.230997948852842,50.65530194535196
80,80,1,9,13,-10,4.320239113752847,2.7050822538325905,6.266112510959247,20.80704641397998,124.62949430622051,34.56345927979949,1,9,13,7.35795991904188,52.066787323655504
81,81,1,9,14,-10,4.320239113752847,4.043187356529498,7.41449216062705,26.583974343042314,124.84983568960617,28.566189967351555,14,9,1,9.368670282442803,13.162502348555853
82,82,1,9,15,-10,4.320239113752847,2.352245310336488,5.021208420290875,27.896605392533605,92.86255111467403,59.24084349279236,1,9,15,7.074053400516313,15.175928802305949
83,83,1,9,16,-10,4.320239113752847,1.3643012863733583,3.9118558255641265,18.219425954185237,63.699190579392216,98.08138346642254,1,9,16,2.5128148562905617,113.46234739903323
84,84,1,10,11,-10,5.719117938983249,1.2385382513269452,6.361950094114225,10.06873997383139,116.09837415108643,53.832885875082226,10,11,1,6.332874418041106,7.268229571718498
85,85,1,10,12,-10,5.719117938983249,1.357930778795443,6.5423135051753665,10.129031497830516,122.08136693590711,47.78960156626238,1,12,10,8.480773892480096,25.88882714332627
86,86,1,10,13,-10,5.719117938983249,2.3322191149203793,6.266112510959247,21.830950743068342,92.39895800580665,65.77009125112502,13,10,1,7.4119362610339445,9.830563476489582
87,87,1,10,14,-10,5.719117938983249,3.5397406684671084,7.41449216062705,27.60662334571807,103.91483166359313,48.478544990688825,1,14,10,8.930265165768878,23.362140660442495
88,88,1,10,15,-10,5.719117938983249,2.7663625937320653,5.021208420290875,28.92711842341992,61.3966530039761,89.67622857260399,10,15,1,5.699366559338255,83.85524378839447
89,89,1,10,16,-10,5.719117938983249,2.402117815595231,3.9118558255641265,19.25874470083127,32.488941450804454,128.25231384836434,10,16,1,5.252739360473623,106.93086957951054
90,90,1,11,12,-10,6.361950094114225,2.2694953183472357,6.5423135051753665,20.19602688161762,84.3894992933833,75.41447382499909,12,1,11,1.0026395095847256,2.107866207635237
91,91,1,11,13,-10,6.361950094114225,3.4712967317704235,6.266112510959247,31.899076495252213,72.52932276176634,75.57160074298146,13,11,1,4.566312356659384,166.30660494701073
92,92,1,11,14,-10,6.361950094114225,4.558288384909406,7.41449216062705,37.67408529366832,83.7862561064057,58.539658599925986,14,1,11,6.950461082633739,36.78220107478651
93,93,1,11,15,-10,6.361950094114225,4.004083041096928,5.021208420290875,38.99585589358648,52.102525077023685,88.90161902938985,15,11,1,4.161077207102244,103.50105140485424
94,94,1,11,16,-10,6.361950094114225,3.518694218030322,3.9118558255641265,29.324958672645028,32.989540242796835,117.68550108455815,16,11,1,4.483682945853535,59.96751870332092
95,95,1,12,13,-10,6.5423135051753665,1.334469932220279,6.266112510959247,11.703468126627525,72.26632380814749,96.03020806522497,1,12,13,4.827869893695319,99.5777540377362
96,96,1,12,14,-10,6.5423135051753665,2.289044342078147,7.41449216062705,17.4780654004653,103.38418002525407,59.13775457428062,14,12,1,8.410201102021633,27.560607953314737
97,97,1,12,15,-10,6.5423135051753665,2.412521916998889,5.021208420290875,18.803581430590242,42.13334299515843,119.06307557425133,1,12,15,1.7599408589077379,172.46559233066688
98,98,1,12,16,-10,6.5423135051753665,2.751724913576936,3.9118558255641265,9.159653754029238,13.079280256314398,157.76106598965637,1,12,16,7.120496032054948,8.276682425552258
99,99,1,13,14,-10,6.266112510959247,1.3381681508689378,7.41449216062705,5.776970698916498,146.10209340161308,28.120935899470393,1,14,13,3.517744758398041,120.26623807371445
100,100,1,13,15,-10,6.266112510959247,1.4257994248841608,5.021208420290875,7.104347291297511,25.820291706939326,147.07536100176316,13,15,1,5.733062102535485,136.0799122006178
101,101,1,13,16,-10,6.266112510959247,2.365769642209487,3.9118558255641265,2.697974813471175,4.464031391732598,172.83799379479632,13,16,1,6.656376460391029,65.85123105707235
102,102,1,14,15,-10,7.41449216062705,2.3980496241737788,5.021208420290875,1.4190210023594534,2.972277227331295,175.60870177030904,1,14,15,5.772982353654624,59.291714161326105
103,103,1,14,16,-10,7.41449216062705,3.59059020218125,3.9118558255641265,8.410656430126911,9.169411535397526,162.41993203447558,1,14,16,6.661174094834384,29.907118456530235
104,104,1,15,16,-10,5.021208420290875,1.338229427265743,3.9118558255641265,9.687552564942894,29.465214904925602,140.84723253013152,15,16,1,5.305858156345825,61.506732760545525
105,105,2,3,4,-10,1.5204805161527066,1.4538098225008689,2.4291286503600444,34.34580163774176,109.49297296897426,36.161225393284,2,3,4,3.1764138181983017,9.247637995133124
106,106,2,3,5,-10,1.5204805161527066,1.5324496729093569,2.573138356171311,32.70223500098801,114.88238927354749,32.415375725464514,2,5,3,1.6938246531177168,59.49446043366926
107,107,2,3,6,-10,1.5204805161527066,2.4311717339587484,3.663561245564211,28.15025336050655,134.6886365516307,17.161110087862742,2,3,6,4.418958481723107,5.889247503690427
108,108,2,3,7,-10,1.5204805161527066,2.398955814515973,3.4057524866026316,38.04685191569961,118.96004940769734,22.99309867660308,2,7,3,0.5858488918779792,62.18102277217666
109,109,2,3,8,-10,1.5204805161527066,2.3344213415748234,3.5070303677042785,30.789362200241065,129.73503697099648,19.475600828762484,2,8,3,1.0330566045860787,59.65829109524296
110,110,2,3,9,-10,1.5204805161527066,3.5965063603447165,4.447026084924621,47.40292085380467,114.4648295058146,18.13224964038071,2,3,9,5.182094375368618,13.671567442589435
111,111,2,3,10,-10,1.5204805161527066,4.772280586889251,5.764304728239133,43.26538585510885,124.12152439221994,12.613089752671229,2,10,3,2.002906239156409,29.920522205888346
112,112,2,3,11,-10,1.5204805161527066,4.979107048457585,6.19686130230458,32.33992013470893,138.25832865780623,9.401751207484848,2,3,11,5.770691046456924,121.02430888350399
113,113,2,3,12,-10,1.5204805161527066,5.934895955280093,6.753365161162249,51.81160186070823,116.5717034125016,11.616694726790234,2,3,12,6.777354972873747,84.97522388065435
114,114,2,3,13,-10,1.5204805161527066,6.157050105367019,6.695575479374423,63.032737674657156,104.25249387169738,12.714768453645483,2,13,3,1.8824921762639288,9.274495296725945
115,115,2,3,14,-10,1.5204805161527066,7.4640012057876834,7.919420496475737,67.23776173014404,101.9352870702649,10.826951199591083,2,3,14,8.18096034871567,67.3570332477141
116,116,2,3,15,-10,1.5204805161527066,5.311114195722024,5.606329547930625,71.05555591774652,93.23399968600722,15.710444396246281,2,15,3,3.6400414517749486,22.922411390458603
117,117,2,3,16,-10,1.5204805161527066,3.992000250500995,4.388534265560657,65.02352032121121,94.77867419603464,20.197805482754198,2,16,3,3.3178998974059084,21.884745149941416
118,118,2,4,5,-10,2.4291286503600444,2.3897374332758816,2.573138356171311,56.98717420842268,64.5423470290303,58.470478762547025,2,5,4,1.3772510066084558,131.50765213088673
119,119,2,4,6,-10,2.4291286503600444,3.250657010513412,3.663561245564211,60.53267642854478,78.88022886011157,40.58709471134365,2,6,4,3.896150004817062,27.727434011298527
120,120,2,4,7,-10,2.4291286503600444,2.3276438731043037,3.4057524866026316,43.0969135497561,91.42165038405793,45.48143606618598,2,7,4,1.8877761927566608,84.97790219227983
121,121,2,4,8,-10,2.4291286503600444,1.4074686497396667,3.5070303677042785,17.838174118995262,130.24486745993988,31.91695842106487,2,8,4,2.110572920519709,77.28888781758121
122,122,2,4,9,-10,2.4291286503600444,2.3658455148212854,4.447026084924621,21.65863865768361,136.07281408598078,22.268547256335538,4,9,2,3.23735277223447,38.67945219687682
123,123,2,4,10,-10,2.4291286503600444,3.4988142277062955,5.764304728239133,16.24648030267295,152.55339446665704,11.200125230670057,10,2,4,4.056079526265034,57.63193366668314
124,124,2,4,11,-10,2.4291286503600444,3.8304072890490364,6.19686130230458,10.204346049464252,163.34490304433805,6.450750906197779,2,11,4,5.119264833589594,19.485330632421917
125,125,2,4,12,-10,2.4291286503600444,4.606291892618182,6.753365161162249,22.59755802509577,145.7112100949072,11.691231879997057,4,12,2,2.6700627976966476,57.91466878202954
126,126,2,4,13,-10,2.4291286503600444,4.855152417792875,6.695575479374423,33.3927389126745,130.62358646137753,15.983674625947977,13,2,4,8.12775840374583,9.358927073418123
127,127,2,4,14,-10,2.4291286503600444,6.1557248963871,7.919420496475737,37.00551720181836,129.2546019899627,13.739880808218924,4,14,2,5.370554956287408,11.329629635949216
128,128,2,4,15,-10,2.4291286503600444,4.1340359214694775,5.606329547930625,41.99901052386563,114.8491857494982,23.151803726636157,15,2,4,5.847175581285694,40.41939229176406
129,129,2,4,16,-10,2.4291286503600444,2.868838266615948,4.388534265560657,37.434290274284436,111.589291828184,30.976417897531576,16,2,4,1.2851415147747887,108.22462165406574
130,130,2,5,6,-10,2.573138356171311,1.4228035704200364,3.663561245564211,17.119447249636064,130.71562449254208,32.164928257821884,2,5,6,4.070922512632121,62.69006621038744
131,131,2,5,7,-10,2.573138356171311,1.5235501304518964,3.4057524866026316,24.890093255431818,109.80770390148659,45.302202843081595,2,7,5,1.007015809679036,142.12429559167884
132,132,2,5,8,-10,2.573138356171311,2.362216120510565,3.5070303677042785,42.3411820755875,90.4626274948438,47.19619042956871,2,8,5,3.2140154453732985,52.998589437819334
133,133,2,5,9,-10,2.573138356171311,3.7120802793043115,4.447026084924621,56.541667377533734,88.1265168546352,35.331815767831074,2,5,9,3.1605012638464838,179.4356326622178
134,134,2,5,10,-10,2.573138356171311,4.808566938288371,5.764304728239133,55.67872407801152,98.09317038558594,26.228105536402563,2,10,5,2.3157956509340187,58.12743388127369
135,135,2,5,11,-10,2.573138356171311,4.913205979805852,6.19686130230458,49.094404714595015,107.58839610169689,23.31719918370813,2,5,11,5.818166337175729,101.14888812910158
136,136,2,5,12,-10,2.573138356171311,6.017496157040732,6.753365161162249,62.5542681997349,95.14418860738637,22.30154319287871,2,5,12,5.52730149419163,160.43841784548886
137,137,2,5,13,-10,2.573138356171311,6.32265529662973,6.695575479374423,70.546343509615,86.88826171445025,22.56539477593474,2,13,5,3.928519557833274,40.43818768178138
138,138,2,5,14,-10,2.573138356171311,7.640671698221299,7.919420496475737,74.4022939406967,86.67050459565937,18.927201463643918,2,5,14,7.300179830412674,114.43158015256431
139,139,2,5,15,-10,2.573138356171311,5.548250715315591,5.606329547930625,75.40769403898462,77.92464213997171,26.667663821043703,2,15,5,0.23142830072356055,6.04414334764375
140,140,2,5,16,-10,2.573138356171311,4.226424256981305,4.388534265560657,69.20635250145104,76.10155684856957,34.692090649979406,2,16,5,0.4365659646307302,147.48898925044472
141,141,2,6,7,-10,3.663561245564211,2.4313348185718846,3.4057524866026316,40.02396603703912,64.26994739387831,75.70608656908257,2,7,6,4.986318858635576,32.38133397429835
142,142,2,6,8,-10,3.663561245564211,3.053948755300254,3.5070303677042785,50.35712365149396,62.162802829855735,67.48007351865031,2,8,6,1.9241072180134513,169.96535561398466
143,143,2,6,9,-10,3.663561245564211,4.51066137057527,4.447026084924621,66.77036205253732,64.95389000529971,48.27574794216297,6,9,2,5.211824922953003,36.78478463246509
144,144,2,6,10,-10,3.663561245564211,5.331040986524114,5.764304728239133,64.43095460180493,77.25937593207195,38.30966946612313,10,2,6,3.398388767557822,115.92434625537773
145,145,2,6,11,-10,3.663561245564211,5.097981070973093,6.19686130230458,55.322818547017455,88.45059080421865,36.226590648763924,2,11,6,3.9172881034269014,61.658982953574466
146,146,2,6,12,-10,3.663561245564211,6.641138306043624,6.753365161162249,72.4451648308911,75.8222326523917,31.7326025167172,6,12,2,1.5073683959880602,90.70596430608836
147,147,2,6,13,-10,3.663561245564211,7.180709853489415,6.695575479374423,82.1626225364169,67.4775312880358,30.35984617554733,13,2,6,6.253126172703679,91.71540187339211
148,148,2,6,14,-10,3.663561245564211,8.509812336356186,7.919420496475737,86.32235390615692,68.23396539172721,25.443680702115866,6,14,2,3.418733396842512,55.75780544575234
149,149,2,6,15,-10,3.663561245564211,6.61146201683107,5.606329547930625,88.40807959739753,57.95632906115859,33.6355913414439,15,2,6,8.600443026571348,37.770746449261644
150,150,2,6,16,-10,3.663561245564211,5.311224905800918,4.388534265560657,82.0060327020479,54.90961578243663,43.084351515515465,16,2,6,4.30088928292352,105.03629225151288
151,151,2,7,8,-10,3.4057524866026316,1.51790579417828,3.5070303677042785,25.313970646015893,81.07565087755911,73.61037847642498,2,8,7,1.7104087477484922,158.96792849810052
152,152,2,7,9,-10,3.4057524866026316,2.523901939458029,4.447026084924621,34.36098870662989,96.03284734510814,49.60616394826197,2,7,9,6.126152773633878,8.148923330225971
153,153,2,7,10,-10,3.4057524866026316,3.5715919419776965,5.764304728239133,35.235305912393066,111.38760106165269,33.377093025954274,2,10,7,5.9328226513579585,21.098444204721407
154,154,2,7,11,-10,3.4057524866026316,3.8250388233323847,6.19686130230458,33.07699715305945,117.84887164103951,29.074131205901068,2,7,11,6.5729390302774044,69.87512373017789
155,155,2,7,12,-10,3.4057524866026316,4.702560260113634,6.753365161162249,40.28106212111032,111.7985445276259,27.9203933512638,2,7,12,8.246163345853223,25.771148940503185
156,156,2,7,13,-10,3.4057524866026316,5.007295577454962,6.695575479374423,46.56383579851518,103.83954528383228,29.59661891765254,2,13,7,6.490495934220264,16.18578782133074
157,157,2,7,14,-10,3.4057524866026316,6.305556993636644,7.919420496475737,50.162974576059796,105.33400660006552,24.503018823874687,2,7,14,6.227921427832832,172.52342775125192
158,158,2,7,15,-10,3.4057524866026316,4.3409612990672946,5.606329547930625,50.702176197989324,91.91451736709982,37.38330643491086,2,15,7,1.4679806594324032,101.11417139813969
159,159,2,7,16,-10,3.4057524866026316,3.096187817300496,4.388534265560657,44.63343252580534,84.75940017070832,50.60716730348634,2,16,7,2.127383153312743,103.99985543733855
160,160,2,8,9,-10,3.5070303677042785,1.5000043333270756,4.447026084924621,17.021923205298172,119.78771665331003,43.1903601413918,2,8,9,5.178083307594109,56.165205201680536
161,161,2,8,10,-10,3.5070303677042785,2.5117565566750324,5.764304728239133,14.073935737452903,146.07779478452207,19.848269478025063,2,10,8,4.396437155837634,52.7596692630715
162,162,2,8,11,-10,3.5070303677042785,2.762980274992929,6.19686130230458,7.7681051838878705,162.3532044365946,9.878690379517447,2,8,11,6.293797081866169,78.80433387899011
163,163,2,8,12,-10,3.5070303677042785,3.7506971352003373,6.753365161162249,22.256400091100264,137.00247993664465,20.741119972255078,2,8,12,8.45805498480819,12.08228441839179
164,164,2,8,13,-10,3.5070303677042785,4.205015695571186,6.695575479374423,32.86264455716536,120.22950121276938,26.907854230065254,2,13,8,4.538816964090418,50.0615744801943
165,165,2,8,14,-10,3.5070303677042785,5.543062059908765,7.919420496475737,37.12168551016906,120.43100905734758,22.44730543248339,2,8,14,6.5208374702581935,138.4749917161178
166,166,2,8,15,-10,3.5070303677042785,3.717609043457907,5.606329547930625,40.4819838237105,101.75220902149802,37.76580715479148,2,15,8,6.2102366833282385,11.435178677100149
167,167,2,8,16,-10,3.5070303677042785,2.4769596282539634,4.388534265560657,34.31761448956666,92.72058840042983,52.96179711000352,2,16,8,5.6625093801674335,8.462490610211267
168,168,2,9,10,-10,4.447026084924621,1.402132661341289,5.764304728239133,5.438147858748131,157.0695504715811,17.492301669670763,2,10,9,3.3270804967504257,91.19442400432742
169,169,2,9,11,-10,4.447026084924621,2.2799923245484863,6.19686130230458,16.00517381187508,131.46164104629565,32.53318514182924,11,9,2,5.788797172284816,105.7894380781349
170,170,2,9,12,-10,4.447026084924621,2.377300990619405,6.753365161162249,6.030211682683097,162.63661108969865,11.333177227618199,2,9,12,4.634157697789465,158.60845899562855
171,171,2,9,13,-10,4.447026084924621,2.7050822538325905,6.695575479374423,15.840751410845062,137.4963318440869,26.662916745068006,2,13,9,7.777981605923748,4.341334875821762
172,172,2,9,14,-10,4.447026084924621,4.043187356529498,7.919420496475737,20.099762550363316,137.6915860842153,22.208651365421424,2,9,14,7.520848054338587,92.07341459090958
173,173,2,9,15,-10,4.447026084924621,2.352245310336488,5.606329547930625,23.653526622794892,107.01467976186883,49.331793615336274,2,15,9,5.035245279163169,61.57952086591675
174,174,2,9,16,-10,4.447026084924621,1.3643012863733583,4.388534265560657,17.749116764489287,78.69767521833748,83.55320801717322,2,16,9,3.9681405905719345,87.41666073447531
175,175,2,10,11,-10,5.764304728239133,1.2385382513269452,6.19686130230458,11.143229861558899,104.76883329954137,64.08793683889978,2,10,11,6.438376463806652,72.17858575275854
176,176,2,10,12,-10,5.764304728239133,1.357930778795443,6.753365161162249,8.55233899263437,132.303508494745,39.144152512620636,2,10,12,8.885054884695206,35.601614784753345
177,177,2,10,13,-10,5.764304728239133,2.3322191149203793,6.695575479374423,19.818677409113334,103.25374213722093,56.92758045366574,2,13,10,4.752789187975372,88.97461507903712
178,178,2,10,14,-10,5.764304728239133,3.5397406684671084,7.919420496475737,23.987574175554787,114.55760657035837,41.45481925408687,2,10,14,7.223256321289272,93.07699242354322
179,179,2,10,15,-10,5.764304728239133,2.7663625937320653,5.606329547930625,28.11747923366441,72.76572014791363,79.11680061842195,2,10,15,8.465080677776964,5.93831232492069
180,180,2,10,16,-10,5.764304728239133,2.402117815595231,4.388534265560657,22.577435676492,44.541175914618684,112.88138840888935,2,10,16,6.974118366030539,20.374323520706902
181,181,2,11,12,-10,6.19686130230458,2.2694953183472357,6.753365161162249,19.58195220262503,94.19230995968381,66.22573783769117,11,12,2,5.06424972072916,176.11003527934074
182,182,2,11,13,-10,6.19686130230458,3.4712967317704235,6.695575479374423,30.930869466968204,82.49365376058165,66.57547677245016,2,13,11,3.5921218747610193,126.45198433901372
183,183,2,11,14,-10,6.19686130230458,4.558288384909406,7.919420496475737,35.06138057863493,93.59069193911463,51.34792748225042,11,14,2,4.607631768207441,124.76569930567322
184,184,2,11,15,-10,6.19686130230458,4.004083041096928,5.606329547930625,39.260439715413405,62.384957708576486,78.35460257601011,2,15,11,6.777158546635756,66.11126084117451
185,185,2,11,16,-10,6.19686130230458,3.518694218030322,4.388534265560657,33.64509255388273,43.71013278139186,102.64477466472539,2,16,11,7.736578580836574,39.31396515049294
186,186,2,12,13,-10,6.753365161162249,1.334469932220279,6.695575479374423,11.378464121110513,81.84101155454181,86.7805243243477,2,13,12,6.318400585653092,82.50003506263239
187,187,2,12,14,-10,6.753365161162249,2.289044342078147,7.919420496475737,15.479447892571406,112.57612210369301,51.94443000373562,2,12,14,11.234393434738774,9.188799058764065
188,188,2,12,15,-10,6.753365161162249,2.412521916998889,5.606329547930625,19.862171556033125,52.1431834474956,107.99464499647128,2,15,12,5.780355797339479,97.692259032851
189,189,2,12,16,-10,6.753365161162249,2.751724913576936,4.388534265560657,14.849224059135045,24.12427552625661,141.02650041460836,2,16,12,8.353896417642806,37.73290103784507
190,190,2,13,14,-10,6.695575479374423,1.3381681508689378,7.919420496475737,4.259314620227002,153.92537987000813,21.815305509764745,2,13,14,9.855742742807816,46.258088035372026
191,191,2,13,15,-10,6.695575479374423,1.4257994248841608,5.606329547930625,8.611884920641426,36.07108069224767,135.31703438711097,2,13,15,8.272966080219478,29.483731657862137
192,192,2,13,16,-10,6.695575479374423,2.365769642209487,4.388534265560657,5.5392551241508405,10.315023024402192,164.1457218514471,2,13,16,2.9742171444229992,87.7137377895123
193,193,2,14,15,-10,7.919420496475737,2.3980496241737788,5.606329547930625,5.442103326702805,12.81027282995066,161.74762384334645,2,15,14,6.401260823396019,112.75905189049486
194,194,2,14,16,-10,7.919420496475737,3.59059020218125,4.388534265560657,6.3405136320724855,7.7574500940233255,165.90203627390426,2,16,14,5.730137573724177,175.45810317558002
195,195,2,15,16,-10,5.606329547930625,1.338229427265743,4.388534265560657,6.4122077096109305,21.48397355804454,152.10381873234448,2,15,16,1.6486047449325634,159.9706479753035
196,196,3,4,5,-10,1.4538098225008689,2.3897374332758816,1.5324496729093569,106.27710107573513,37.992570789063635,35.73032813520124,5,3,4,2.7779962593712213,52.467142655077076
197,197,3,4,6,-10,1.4538098225008689,3.250657010513412,2.4311717339587484,111.08108261192184,44.25447022427225,24.664447163805917,3,6,4,2.2614387489545242,35.459995134670024
198,198,3,4,7,-10,1.4538098225008689,2.3276438731043037,2.398955814515973,69.43121762908258,74.78219891411182,35.78658345680558,7,3,4,2.9543107448567136,47.92957664715437
199,199,3,4,8,-10,1.4538098225008689,1.4074686497396667,2.3344213415748234,34.67440738438223,109.33561135650498,35.98998125911278,3,8,4,2.6165989928052373,3.7151699497938053
200,200,3,4,9,-10,1.4538098225008689,2.3658455148212854,3.5965063603447165,25.33896781978559,139.41355193749166,15.247480242722775,4,9,3,1.487864878335811,64.78709843783196
201,201,3,4,10,-10,1.4538098225008689,3.4988142277062955,4.772280586889251,24.300870025300764,145.85338804348308,9.845741931216143,10,3,4,5.759768864993643,14.372896075329644
202,202,3,4,11,-10,1.4538098225008689,3.8304072890490364,4.979107048457585,32.33036047696643,135.95833835889616,11.711301164137424,3,11,4,1.973351790096455,35.707192938967474
203,203,3,4,12,-10,1.4538098225008689,4.606291892618182,5.934895955280093,20.922296695759776,152.6063630143597,6.471340289880483,4,12,3,3.00068852640841,28.08018600266674
204,204,3,4,13,-10,1.4538098225008689,4.855152417792875,6.157050105367019,23.235457514107942,149.98029967015734,6.7842428157347,13,3,4,2.6136279021663857,116.8339469415703
205,205,3,4,14,-10,1.4538098225008689,6.1557248963871,7.4640012057876834,23.30422485190317,151.33465255858886,5.361122589507977,4,14,3,1.9755257976777552,22.16186698112678
206,206,3,4,15,-10,1.4538098225008689,4.1340359214694775,5.311114195722024,31.041277739977474,138.51091678146545,10.447805478557003,15,3,4,5.964624104405914,36.27668163769426
207,207,3,4,16,-10,1.4538098225008689,2.868838266615948,3.992000250500995,32.22364016826118,132.09919206926344,15.677167762475406,16,3,4,4.86428026429067,1.0405253623289104
208,208,3,5,6,-10,1.5324496729093569,1.4228035704200364,2.4311717339587484,33.20493057781758,110.64956560066938,36.14550382151305,3,5,6,2.702633076808386,61.42904632799215
209,209,3,5,7,-10,1.5324496729093569,1.5235501304518964,2.398955814515973,38.14795850710519,103.440729061485,38.41131243140981,3,7,5,0.689211421704294,105.24101266733948
210,210,3,5,8,-10,1.5324496729093569,2.362216120510565,2.3344213415748234,71.94176002824607,69.97697605668587,38.08126391506808,5,8,3,1.1776797589859167,81.0343320391083
211,211,3,5,9,-10,1.5324496729093569,3.7120802793043115,3.5965063603447165,82.15940786271085,73.70054529521678,24.14004684207239,5,3,9,3.8841322958168987,71.4454671797151
212,212,3,5,10,-10,1.5324496729093569,4.808566938288371,4.772280586889251,82.13793583067906,79.45923241431099,18.402831755009952,5,10,3,3.5491722685816036,20.082289146098265
213,213,3,5,11,-10,1.5324496729093569,4.913205979805852,4.979107048457585,78.66137559148122,83.53132638522743,17.807298023291327,3,5,11,5.740429706911917,6.037423014046082
214,214,3,5,12,-10,1.5324496729093569,6.017496157040732,5.934895955280093,85.70859321383193,79.5799307418245,14.711476044343593,5,3,12,6.439298551918189,53.70375396996733
215,215,3,5,13,-10,1.5324496729093569,6.32265529662973,6.157050105367019,89.14467016193844,76.83020393834282,14.025125899718768,5,13,3,3.3168810843536423,27.230473380739927
216,216,3,5,14,-10,1.5324496729093569,7.640671698221299,7.4640012057876834,90.8018620968455,77.62929857899701,11.568839324157496,5,3,14,8.133172342553047,47.90156237252845
217,217,3,5,15,-10,1.5324496729093569,5.548250715315591,5.311114195722024,90.79814558996748,73.16966765249832,16.032186757534202,5,15,3,3.904111506029667,18.097063181639076
218,218,3,5,16,-10,1.5324496729093569,4.226424256981305,3.992000250500995,88.02432876959732,70.72971773773862,21.24595349266407,5,16,3,2.664244196638215,35.074243488640604
219,219,3,6,7,-10,2.4311717339587484,2.4313348185718846,2.398955814515973,60.441864299788406,59.12304744054561,60.43508825966599,7,3,6,3.4115008867514125,28.887540293209437
220,220,3,6,8,-10,2.4311717339587484,3.053948755300254,2.3344213415748234,79.67960455530327,48.76631434081164,51.55408110388509,8,3,6,2.9502093861267706,83.83583042001312
221,221,3,6,9,-10,2.4311717339587484,4.51066137057527,3.5965063603447165,94.9226506247759,52.59801594823756,32.47933342698654,6,9,3,4.30879964806744,24.098171360665017
222,222,3,6,10,-10,2.4311717339587484,5.331040986524114,4.772280586889251,89.34501364400917,63.524989182414025,27.1299971735768,10,3,6,6.681124783860795,46.59045544910098
223,223,3,6,11,-10,2.4311717339587484,5.097981070973093,4.979107048457585,78.77526216586898,73.33530514344993,27.889432690681097,3,11,6,4.886672040808728,6.664628226634049
224,224,3,6,12,-10,2.4311717339587484,6.641138306043624,5.934895955280093,95.90957332752681,62.73624676246661,21.3541799100066,6,12,3,0.9299259208556097,14.452056257818263
225,225,3,6,13,-10,2.4311717339587484,7.180709853489415,6.157050105367019,104.9886809642453,55.92145962970045,19.089859406054263,13,3,6,4.254211643634191,156.31442272219715
226,226,3,6,14,-10,2.4311717339587484,8.509812336356186,7.4640012057876834,107.30414581168667,56.86729386777725,15.828560320536088,6,14,3,2.089819022125738,21.372544865501578
227,227,3,6,15,-10,2.4311717339587484,6.61146201683107,5.311114195722024,111.8060353158563,48.23121657899892,19.96274810514476,15,3,6,5.93716649892279,92.56193269328668
228,228,3,6,16,-10,2.4311717339587484,5.311224905800918,3.992000250500995,109.13434219941294,45.24231466659339,25.62334313399368,16,3,6,3.673084793312906,137.0558052936531
229,229,3,7,8,-10,2.398955814515973,1.51790579417828,2.3344213415748234,37.376795749181206,69.00345646315233,73.61974778766647,3,7,8,1.2555801136750535,143.91818593965752
230,230,3,7,9,-10,2.398955814515973,2.523901939458029,3.5965063603447165,44.44257313679872,93.83436513522594,41.72306172797536,3,7,9,2.577527361495103,141.69846681312106
231,231,3,7,10,-10,2.398955814515973,3.5715919419776965,4.772280586889251,46.45810365001767,104.40624374758326,29.13565260239907,3,10,7,4.522400597795769,19.126425447125147
232,232,3,7,11,-10,2.398955814515973,3.8250388233323847,4.979107048457585,48.223901492381074,103.8899764321225,27.886122075496438,3,7,11,5.625671539943794,52.07207794195077
233,233,3,7,12,-10,2.398955814515973,4.702560260113634,5.934895955280093,48.511471585175514,109.0223113731379,22.46621704168662,3,7,12,6.265436529399044,68.65252099010259
234,234,3,7,13,-10,2.398955814515973,5.007295577454962,6.157050105367019,50.99874348012817,107.14261787806187,21.85863864180996,3,13,7,2.0634662824158343,51.08820928264687
235,235,3,7,14,-10,2.398955814515973,6.305556993636644,7.4640012057876834,52.690287323070486,109.6959021092908,17.613810567638705,3,7,14,8.405332092847589,35.68942174665186
236,236,3,7,15,-10,2.398955814515973,4.3409612990672946,5.311114195722024,53.607470304134964,99.9785868507736,26.413942845091448,3,15,7,5.0292270953366796,5.448475766722764
237,237,3,7,16,-10,2.398955814515973,3.096187817300496,3.992000250500995,50.80288874940945,92.29432870590047,36.902782544690076,3,16,7,1.2297568616408818,93.0203758376593
238,238,3,8,9,-10,2.3344213415748234,1.5000043333270756,3.5965063603447165,16.08247781491319,138.37880228600676,25.538719899080036,3,8,9,4.702238876822965,16.24814510985549
239,239,3,8,10,-10,2.3344213415748234,2.5117565566750324,4.772280586889251,10.39599342347158,159.94929495522706,9.654711621301354,3,10,8,4.174894168302978,27.49198236255411
240,240,3,8,11,-10,2.3344213415748234,2.762980274992929,4.979107048457585,13.472418795965615,155.17530674112768,11.352274462906697,3,8,11,4.357052598367434,115.9151681636922
241,241,3,8,12,-10,2.3344213415748234,3.7506971352003373,5.934895955280093,16.230252447318914,153.7516817772636,10.01806577541755,3,8,12,6.970855236196899,25.133420750674162
242,242,3,8,13,-10,2.3344213415748234,4.205015695571186,6.157050105367019,26.719903642925114,138.82551622545378,14.454580131621086,3,13,8,3.8938491515057074,36.82942935622567
243,243,3,8,14,-10,2.3344213415748234,5.543062059908765,7.4640012057876834,29.147735557132528,139.0155525057159,11.83671193715162,3,8,14,8.262194906076948,43.82565391969257
244,244,3,8,15,-10,2.3344213415748234,3.717609043457907,5.311114195722024,36.872074659348826,120.99350446210006,22.134420878551133,3,15,8,2.026590982754207,57.96378251712448
245,245,3,8,16,-10,2.3344213415748234,2.4769596282539634,3.992000250500995,35.0916148149244,112.1019004610741,32.8064847240015,3,16,8,4.177880510045743,16.525532001597245
246,246,3,9,10,-10,3.5965063603447165,1.402132661341289,4.772280586889251,10.579577676686455,141.32500981909692,28.095412504216554,3,10,9,5.056118960793336,40.59079223136828
247,247,3,9,11,-10,3.5965063603447165,2.2799923245484863,4.979107048457585,24.738336229254816,113.95334261224298,41.30832115850219,11,9,3,6.018695598487502,21.894693894475132
248,248,3,9,12,-10,3.5965063603447165,2.377300990619405,5.934895955280093,5.314255126607063,166.63107733241236,8.054667540980537,3,9,12,5.135330378046369,107.70780015290094
249,249,3,9,13,-10,3.5965063603447165,2.7050822538325905,6.157050105367019,10.637426618935901,155.15569942050695,14.2068739605572,3,13,9,5.49313093810598,37.820083698668284
250,250,3,9,14,-10,3.5965063603447165,4.043187356529498,7.4640012057876834,13.065358358223172,155.33407580023777,11.600565841539073,3,14,9,1.8142648673282007,71.55490975242638
251,251,3,9,15,-10,3.5965063603447165,2.352245310336488,5.311114195722024,21.2321190126769,125.14589025590581,33.6219907314173,3,15,9,5.817648022424394,25.179814438780074
252,252,3,9,16,-10,3.5965063603447165,1.3643012863733583,3.992000250500995,19.84309115292005,96.67030859821696,63.48660024886297,3,16,9,3.0139139500362284,89.36740584157707
253,253,3,10,11,-10,4.772280586889251,1.2385382513269452,4.979107048457585,14.391101688904541,92.34102748143279,73.26787082966268,3,10,11,6.037752405572156,52.960137913761045
254,254,3,10,12,-10,4.772280586889251,1.357930778795443,5.934895955280093,7.559337034054086,144.90333263132965,27.537330334616275,3,10,12,5.7176626061719835,83.34475729530047
255,255,3,10,13,-10,4.772280586889251,2.3322191149203793,6.157050105367019,19.936091482391767,115.82032930612935,44.24357921147889,3,13,10,4.309584492575597,78.53287738464017
256,256,3,10,14,-10,4.772280586889251,3.5397406684671084,7.4640012057876834,22.207191089021983,127.1581598294967,30.634649081481328,3,10,14,9.808019072621555,9.38888372692131
257,257,3,10,15,-10,4.772280586889251,2.7663625937320653,5.311114195722024,31.266502117869003,85.1780406682073,63.55545721392372,3,15,10,2.1824188525592545,161.00226270155477
258,258,3,10,16,-10,4.772280586889251,2.402117815595231,3.992000250500995,30.169930387371444,56.63649461642147,93.19357499620706,3,10,16,3.94337481338287,73.61760919794223
259,259,3,11,12,-10,4.979107048457585,2.2694953183472357,5.934895955280093,21.827445911225503,103.51298621418817,54.659567874586344,11,12,3,6.102102718601279,7.449535265386137
260,260,3,11,13,-10,4.979107048457585,3.4712967317704235,6.157050105367019,34.29979616215404,91.77023954217772,53.929964295668256,3,13,11,7.9945565352706165,9.133885978911225
261,261,3,11,14,-10,4.979107048457585,4.558288384909406,7.4640012057876834,36.5315348989404,102.91029845144628,40.558166649613305,11,14,3,6.811876926069694,30.31537418898227
262,262,3,11,15,-10,4.979107048457585,4.004083041096928,5.311114195722024,45.657411703766776,71.55423452649379,62.78835376973944,3,15,11,5.88193371477968,57.3420163241772
263,263,3,11,16,-10,4.979107048457585,3.518694218030322,3.992000250500995,44.51566461542036,52.694098671700644,82.790236712879,3,16,11,3.4146434429562174,132.15068083742935
264,264,3,12,13,-10,5.934895955280093,1.334469932220279,6.157050105367019,12.496742911010266,93.2770245011051,74.22623258788471,3,13,12,2.8718279448573854,171.73360505171834
265,265,3,12,14,-10,5.934895955280093,2.289044342078147,7.4640012057876834,14.704103420274285,124.14016813854131,41.15572844118445,3,12,14,9.397199334242522,42.06818283115251
266,266,3,12,15,-10,5.934895955280093,2.412521916998889,5.311114195722024,23.957300015401465,63.37039371444907,92.67230627014945,3,15,12,5.489548101198021,86.13721904666659
267,267,3,12,16,-10,5.934895955280093,2.751724913576936,3.992000250500995,23.09368448517038,34.68238667979245,122.22392883503717,3,16,12,7.063998498171132,48.56627355855684
268,268,3,13,14,-10,6.157050105367019,1.3381681508689378,7.4640012057876834,2.4288546066275587,166.3270462751885,11.244099118183762,3,13,14,9.997896371965231,29.220996937126312
269,269,3,13,15,-10,6.157050105367019,1.4257994248841608,5.311114195722024,11.519055877446853,48.06137090100631,120.41957322154681,3,13,15,4.619325834984088,84.73964688763374
270,270,3,13,16,-10,6.157050105367019,2.365769642209487,3.992000250500995,11.038150365755929,18.84892864934323,150.11292098490082,3,13,16,4.936316797438385,53.89780485697458
271,271,3,14,15,-10,7.4640012057876834,2.3980496241737788,5.311114195722024,9.623478800359882,21.73092907663104,148.64559212300904,3,15,14,10.080945158026683,8.404068974485792
272,272,3,14,16,-10,7.4640012057876834,3.59059020218125,3.992000250500995,9.617366306679271,10.70456571953601,159.67806797378475,3,16,14,9.43084061390284,8.712866051627143
273,273,3,15,16,-10,5.311114195722024,1.338229427265743,3.992000250500995,2.8047513228830225,8.393349442794936,168.80189923432224,3,15,16,6.5573271052057,11.60760564384689
274,274,4,5,6,-10,2.3897374332758816,1.4228035704200364,3.250657010513412,23.44997865330005,114.60686597553897,41.943155371161,5,6,4,2.451276406422916,76.67193332482809
275,275,4,5,7,-10,2.3897374332758816,1.5235501304518964,2.3276438731043037,37.65558467908102,68.9614683235454,73.38294699737357,5,7,4,1.6410697856653351,167.12928707755844
276,276,4,5,8,-10,2.3897374332758816,2.362216120510565,1.4074686497396667,71.70418957949786,34.45130434245669,73.84450607804544,5,8,4,3.5663881918797133,4.073600958762247
277,277,4,5,9,-10,2.3897374332758816,3.7120802793043115,2.3658455148212854,102.62500367551446,38.4569892304113,38.918007094074234,4,9,5,3.1520280950184656,41.050176440317934
278,278,4,5,10,-10,2.3897374332758816,4.808566938288371,3.4988142277062955,108.00805183751349,43.78681615299228,28.20513200949423,10,5,4,5.89968588963618,2.3502149341500886
279,279,4,5,11,-10,2.3897374332758816,4.913205979805852,3.8304072890490364,101.8414078670255,49.731510482488886,28.427081650485608,5,11,4,1.2802134434400774,71.81507335678248
280,280,4,5,12,-10,2.3897374332758816,6.017496157040732,4.606291892618182,114.9347517133055,43.95803307035281,21.107215216341665,4,12,5,3.730359680988075,38.169029185303614
281,281,4,5,13,-10,2.3897374332758816,6.32265529662973,4.855152417792875,117.43796205434788,42.96230832681748,19.599729618834637,13,5,4,3.333038575343088,96.7292585319325
282,282,4,5,14,-10,2.3897374332758816,7.640671698221299,6.1557248963871,120.14740837727372,44.16097908647453,15.69161253625173,4,14,5,2.1427523750831505,50.70357382786282
283,283,4,5,15,-10,2.3897374332758816,5.548250715315591,4.1340359214694775,113.8270367271048,42.96881087068651,23.204152402208685,15,5,4,5.728753347470404,42.52641476597148
284,284,4,5,16,-10,2.3897374332758816,4.226424256981305,2.868838266615948,106.618996560648,40.57416292524048,32.80684051411153,16,5,4,3.2444693494695627,60.453643703587865
285,285,4,6,7,-10,3.250657010513412,2.4313348185718846,2.3276438731043037,48.26678891379932,45.596216555450425,86.13699453075024,7,6,4,2.886723900623536,51.25005812959805
286,286,4,6,8,-10,3.250657010513412,3.053948755300254,1.4074686497396667,69.38899102260727,25.55448120922731,85.05652776816542,8,6,4,2.9144954668416303,6.4163349807003325
287,287,4,6,9,-10,3.250657010513412,4.51066137057527,2.3658455148212854,105.77715662982159,30.314161452363606,43.908681917814796,9,6,4,0.2027709468215395,120.89209050798286
288,288,4,6,10,-10,3.250657010513412,5.331040986524114,3.4988142277062955,104.28197825498067,39.49608094676252,36.22194079825679,10,4,6,5.453131624832129,76.73752289480313
289,289,4,6,11,-10,3.250657010513412,5.097981070973093,3.8304072890490364,91.72727883096653,48.67848904941272,39.59423211962077,6,11,4,4.163235113320385,51.324556659435366
290,290,4,6,12,-10,3.250657010513412,6.641138306043624,4.606291892618182,114.2924892948287,39.21162326611346,26.49588743905782,12,4,6,6.565251068258265,81.82109896873473
291,291,4,6,13,-10,3.250657010513412,7.180709853489415,4.855152417792875,123.5032620368739,34.31906034333823,22.177677619787865,13,4,6,9.576764286936752,7.992927942444105
292,292,4,6,14,-10,3.250657010513412,8.509812336356186,6.1557248963871,126.77154385877589,35.41105861083878,17.81739753038531,14,4,6,7.417468140153015,99.9950024832898
293,293,4,6,15,-10,3.250657010513412,6.61146201683107,4.1340359214694775,126.67935600707989,30.097396462122877,23.22324753079721,15,4,6,7.554157566647203,55.637824063777636
294,294,4,6,16,-10,3.250657010513412,5.311224905800918,2.868838266615948,120.3072979937513,27.79601799315955,31.89668401308919,16,6,4,1.3314136558878675,85.1757352598951
295,295,4,7,8,-10,2.3276438731043037,1.51790579417828,1.4074686497396667,38.9602101519431,35.664139055390336,105.37565079266656,7,8,4,2.752394704831556,49.130215962575406
296,296,4,7,9,-10,2.3276438731043037,2.523901939458029,2.3658455148212854,65.0546169437106,58.20390001492453,56.74148304136488,4,9,7,3.1872432544360483,35.48637298461318
297,297,4,7,10,-10,2.3276438731043037,3.5715919419776965,3.4988142277062955,72.47983875880865,69.09599092269143,38.42417031849991,10,7,4,2.4653097249122995,109.74652831047023
298,298,4,7,11,-10,2.3276438731043037,3.8250388233323847,3.8304072890490364,72.17309185396014,72.42487274777905,35.40203539826083,7,11,4,4.22531372144527,5.292745233958658
299,299,4,7,12,-10,2.3276438731043037,4.702560260113634,4.606291892618182,77.82675960591281,73.23647772070449,28.936762673382706,4,12,7,4.339587080934301,20.540461336664244
300,300,4,7,13,-10,2.3276438731043037,5.007295577454962,4.855152417792875,80.01903978786845,72.7347455951053,27.246214617026244,13,7,4,6.511204845947002,39.68239911164516
301,301,4,7,14,-10,2.3276438731043037,6.305556993636644,6.1557248963871,82.88223043454337,75.63035123543256,21.48741833002409,4,14,7,3.1161116113452185,44.14111460305902
302,302,4,7,15,-10,2.3276438731043037,4.3409612990672946,4.1340359214694775,79.02398699879359,69.21375071330257,31.76226228790383,15,7,4,2.218358162484405,140.75848452134835
303,303,4,7,16,-10,2.3276438731043037,3.096187817300496,2.868838266615948,72.29397851340035,61.96724026606121,45.73878122053844,16,7,4,3.5023891973053103,53.612963955312985
304,304,4,8,9,-10,1.4074686497396667,1.5000043333270756,2.3658455148212854,36.863952716159275,108.87890629595098,34.25714098788974,4,9,8,1.0703942195119764,77.12956300325669
305,305,4,8,10,-10,1.4074686497396667,2.5117565566750324,3.4988142277062955,36.53316264287353,123.98117297042435,19.48566438670213,10,8,4,2.5980006490735423,126.86480834124993
306,306,4,8,11,-10,1.4074686497396667,2.762980274992929,3.8304072890490364,33.23262224251386,130.55654623852266,16.21083151896353,8,11,4,1.7864897026467024,50.80938821114117
307,307,4,8,12,-10,1.4074686497396667,3.7506971352003373,4.606291892618182,45.23374966672653,119.31455758571822,15.451692747555223,4,12,8,2.291306705844569,35.67652256925074
308,308,4,8,13,-10,1.4074686497396667,4.205015695571186,4.855152417792875,54.83465074503597,109.28527561833712,15.880073636626884,13,8,4,6.935949900096817,6.885352169730249
309,309,4,8,14,-10,1.4074686497396667,5.543062059908765,6.1557248963871,58.13266620929848,109.41405547748171,12.453278313219867,4,14,8,3.4012622571776148,24.441987024639527
310,310,4,8,15,-10,1.4074686497396667,3.717609043457907,4.1340359214694775,63.17948580008086,97.07351054200176,19.747003657917386,15,8,4,3.3107940154761426,102.54650032840989
311,311,4,8,16,-10,1.4074686497396667,2.4769596282539634,2.868838266615948,59.687600696542724,90.93630054583046,29.376098757626817,16,8,4,3.602240401388392,45.267262634841856
312,312,4,9,10,-10,2.3658455148212854,1.402132661341289,3.4988142277062955,16.507381923427424,134.84424042391748,28.64837765265509,4,9,10,4.405854668160561,34.704987712896205
313,313,4,9,11,-10,2.3658455148212854,2.2799923245484863,3.8304072890490364,33.74389890562369,111.05848098965942,35.197620104716876,9,11,4,3.0545689451131475,43.72702642787994
314,314,4,9,12,-10,2.3658455148212854,2.377300990619405,4.606291892618182,13.830997488278573,152.40596786684856,13.763034644872873,12,9,4,4.316106487914992,96.58272040636625
315,315,4,9,13,-10,2.3658455148212854,2.7050822538325905,4.855152417792875,17.971233489229256,146.37363986783532,15.655126642935397,4,9,13,4.199798492004001,117.15548319902084
316,316,4,9,14,-10,2.3658455148212854,4.043187356529498,6.1557248963871,21.270464338603503,146.47394068747758,12.255594973918889,14,9,4,4.275896975822256,153.88106410015186
317,317,4,9,15,-10,2.3658455148212854,2.352245310336488,4.1340359214694775,28.720848010476423,122.37662270835227,28.90252928117133,4,9,15,5.226007023987104,19.974059896516035
318,318,4,9,16,-10,2.3658455148212854,1.3643012863733583,2.868838266615948,28.17386429591748,96.86560234934234,54.960533354740186,4,9,16,4.047535125621508,4.0766957884485135
319,319,4,10,11,-10,3.4988142277062955,1.2385382513269452,3.8304072890490364,18.76030887097669,95.93626584856122,65.3034252804621,10,11,4,3.6240885761744996,73.48684837916267
320,320,4,10,12,-10,3.4988142277062955,1.357930778795443,4.606291892618182,11.232847423419523,138.64078458420497,30.12636799237551,4,12,10,3.7091691699134506,66.47117192715702
321,321,4,10,13,-10,3.4988142277062955,2.3322191149203793,4.855152417792875,26.61329320931266,111.16176134122358,42.22494544946377,13,10,4,5.1992791185751726,66.57914232195407
322,322,4,10,14,-10,3.4988142277062955,3.5397406684671084,6.1557248963871,29.19085888625108,121.98771326571278,28.821427848036123,4,14,10,5.901050814862011,28.064945086748445
323,323,4,10,15,-10,3.4988142277062955,2.7663625937320653,4.1340359214694775,41.460930554456816,81.6707878373396,56.86828160820359,15,10,4,2.8541844463706636,152.92920227249652
324,324,4,10,16,-10,3.4988142277062955,2.402117815595231,2.868838266615948,42.917111071566374,54.41400674535787,82.66888218307577,10,16,4,4.2633458952703425,43.918125467091656
325,325,4,11,12,-10,3.8304072890490364,2.2694953183472357,4.606291892618182,29.41326608894371,94.60311715474964,55.98361675630668,12,4,11,1.2751792449507027,72.36029376822609
326,326,4,11,13,-10,3.8304072890490364,3.4712967317704235,4.855152417792875,45.23003473510903,83.19847259203651,51.5714926728545,13,4,11,3.678637344692121,65.60912209368928
327,327,4,11,14,-10,3.8304072890490364,4.558288384909406,6.1557248963871,47.61922453347807,94.0115559675333,38.36921949898866,14,4,11,2.8739185599377497,99.91229996528122
328,328,4,11,15,-10,3.8304072890490364,4.004083041096928,4.1340359214694775,60.22004244899357,63.65114321453236,56.1288143364741,15,4,11,2.278129223131697,134.2376565333976
329,329,4,11,16,-10,3.8304072890490364,3.518694218030322,2.868838266615948,61.39843330499349,45.71048603932994,72.89108065567656,16,11,4,4.410859085063869,22.67580861930075
330,330,4,12,13,-10,4.606291892618182,1.334469932220279,4.855152417792875,15.935612258665756,92.67502604298333,71.38936169835091,4,12,13,7.117881054367508,8.855504490408647
331,331,4,12,14,-10,4.606291892618182,2.289044342078147,6.1557248963871,18.206112168055448,122.83798899995669,38.95589883198783,14,12,4,5.903440950560417,97.36561443293344
332,332,4,12,15,-10,4.606291892618182,2.412521916998889,4.1340359214694775,31.456826248675316,63.41084739368373,85.13232635764095,4,12,15,1.835233762563496,174.7152965890618
333,333,4,12,16,-10,4.606291892618182,2.751724913576936,2.868838266615948,34.13471023175508,35.804591294755646,110.06069847348928,4,12,16,5.058234186930886,13.45726240627079
334,334,4,13,14,-10,4.855152417792875,1.3381681508689378,6.1557248963871,3.3014822022677195,164.63781019333405,12.060707604398127,4,14,13,7.908951424982989,5.6087812738518945
335,335,4,13,15,-10,4.855152417792875,1.4257994248841608,4.1340359214694775,15.780180336692622,52.045384346637036,112.17443531667031,13,15,4,5.051507979519739,70.08399630824866
336,336,4,13,16,-10,4.855152417792875,2.365769642209487,2.868838266615948,19.82742819815515,24.287462887087315,135.88510891475752,13,16,4,4.1653788920875945,119.30248364523747
337,337,4,14,15,-10,6.1557248963871,2.3980496241737788,4.1340359214694775,14.688798772362528,25.92099341097973,139.39020781665772,4,14,15,6.316661571245196,33.87540556178023
338,338,4,14,16,-10,6.1557248963871,3.59059020218125,2.868838266615948,19.80310856687424,15.705228723195788,144.49166270992998,4,14,16,2.735356082444044,58.78970882171368
339,339,4,15,16,-10,4.1340359214694775,1.338229427265743,2.868838266615948,7.259415177480629,15.717194423806523,157.0233903987128,15,16,4,4.8031260976869214,0.4552263313972459
340,340,5,6,7,-10,1.4228035704200364,2.4313348185718846,1.5235501304518964,111.17190421997925,35.755967035413114,33.07212874460763,7,5,6,2.6091514750094293,68.19484219584412
341,341,5,6,8,-10,1.4228035704200364,3.053948755300254,2.362216120510565,104.84476602197662,48.38973181113612,26.765502166887256,8,5,6,3.341908337814617,65.79438861989779
342,342,5,6,9,-10,1.4228035704200364,4.51066137057527,3.7120802793043115,115.46764110195078,47.98664501247953,16.545713885569715,6,9,5,3.3592668337553677,18.768259808696527
343,343,5,6,10,-10,1.4228035704200364,5.331040986524114,4.808566938288371,103.84048623905676,61.14039474684616,15.019119014097084,10,5,6,7.3477927087139925,27.463247110795802
344,344,5,6,11,-10,1.4228035704200364,5.097981070973093,4.913205979805852,89.28464958899512,74.51065368534196,16.204696725662902,5,11,6,2.5149086382471757,33.23374990112604
345,345,5,6,12,-10,1.4228035704200364,6.641138306043624,6.017496157040732,110.04818485379316,58.341228472671894,11.610586673534966,6,12,5,3.889585525835413,20.906266644357487
346,346,5,6,13,-10,1.4228035704200364,7.180709853489415,6.32265529662973,122.10541621665698,48.23227722441974,9.662306558923289,13,5,6,10.28022311493792,9.459905909990024
347,347,5,6,14,-10,1.4228035704200364,8.509812336356186,7.640671698221299,123.53876782972344,48.450441018814836,8.010791151461726,6,14,5,4.801723644553413,16.70933325883182
348,348,5,6,15,-10,1.4228035704200364,6.61146201683107,5.548250715315591,133.68105126709125,37.365407098803765,8.953541634105019,15,5,6,9.170124818143321,19.105929971908886
349,349,5,6,16,-10,1.4228035704200364,5.311224905800918,4.226424256981305,133.7858097720019,35.063182943617846,11.151007284380203,16,5,6,5.403677169974737,76.17778238416705
350,350,5,7,8,-10,1.5235501304518964,1.51790579417828,2.362216120510565,38.95690102432349,101.91372487123738,39.129374104439144,5,8,7,1.6149387963578377,63.84072178764669
351,351,5,7,9,-10,1.5235501304518964,2.523901939458029,3.7120802793043115,30.652287880866425,131.42364949117345,17.924062627960133,5,7,9,3.205418230115394,126.78728131612216
352,352,5,7,10,-10,1.5235501304518964,3.5715919419776965,4.808566938288371,30.014957201229095,137.66432338180277,12.32071941696818,5,10,7,2.6198449634171026,34.971999249351015
353,353,5,7,11,-10,1.5235501304518964,3.8250388233323847,4.913205979805852,37.79724848149456,128.07340625676102,14.129345261744435,5,7,11,4.155766532160294,173.348089850409
354,354,5,7,12,-10,1.5235501304518964,4.702560260113634,6.017496157040732,26.444253770374907,145.26025177025548,8.295494459369602,5,7,12,5.868560635333123,97.64812989319012
355,355,5,7,13,-10,1.5235501304518964,5.007295577454962,6.32265529662973,26.615929792378374,145.54948829641748,7.83458191120414,5,13,7,3.387087442031641,26.62096291779571
356,356,5,7,14,-10,1.5235501304518964,6.305556993636644,7.640671698221299,25.913449201727644,148.0253236271284,6.061227171143873,5,7,14,7.11970905440842,130.95018838274206
357,357,5,7,15,-10,1.5235501304518964,4.3409612990672946,5.548250715315591,32.48797608058766,136.64593167280907,10.866092246603285,5,15,7,2.44411006404694,33.190211299408155
358,358,5,7,16,-10,1.5235501304518964,3.096187817300496,4.226424256981305,34.624599832159184,129.13940147541462,16.23599869242619,5,16,7,3.6347706437090914,1.610018935407341
359,359,5,8,9,-10,2.362216120510565,1.5000043333270756,3.7120802793043115,12.682415476870139,147.09038680149663,20.22719772163325,5,8,9,2.5425962800731763,170.26796511748282
360,360,5,8,10,-10,2.362216120510565,2.5117565566750324,4.808566938288371,9.6925679050221,161.19699617214525,9.110435922832618,5,10,8,4.723840145469616,7.603502467027341
361,361,5,8,11,-10,2.362216120510565,2.762980274992929,4.913205979805852,17.923393565488652,146.82208336570577,15.25452306880562,5,8,11,4.308185540744095,114.2764536473596
362,362,5,8,12,-10,2.362216120510565,3.7506971352003373,6.017496157040732,12.80156059341175,159.17665672651756,8.021782680070684,5,8,12,4.876676863436237,163.28921610474913
363,363,5,8,13,-10,2.362216120510565,4.205015695571186,6.32265529662973,21.069803432068117,147.27882555671053,11.651371011221388,5,13,8,4.960471669372723,22.287825314339145
364,364,5,8,14,-10,2.362216120510565,5.543062059908765,7.640671698221299,22.974967797301378,147.44985811186345,9.575174090835214,5,8,14,8.352916420328134,49.607412310274455
365,365,5,8,15,-10,2.362216120510565,3.717609043457907,5.548250715315591,30.683732894887033,130.39610399325778,18.920163111855192,5,15,8,1.8784707251912234,57.209462641720215
366,366,5,8,16,-10,2.362216120510565,2.4769596282539634,4.226424256981305,29.913374095269766,121.68894575056169,28.397680154168555,5,16,8,3.060217453592889,50.36416407998496
367,367,5,9,10,-10,3.7120802793043115,1.402132661341289,4.808566938288371,11.87251674549881,135.1251491845421,33.00233406995908,5,10,9,2.4160778705220536,100.72247432555693
368,368,5,9,11,-10,3.7120802793043115,2.2799923245484863,4.913205979805852,26.228497870386587,107.7544111437329,46.017090985880515,11,9,5,5.518370103977585,52.76891179094996
369,369,5,9,12,-10,3.7120802793043115,2.377300990619405,6.017496157040732,7.037972139162364,161.93207070130174,11.029957159535892,5,9,12,4.835717995046085,121.50770307516167
370,370,5,9,13,-10,3.7120802793043115,2.7050822538325905,6.32265529662973,8.390026015116337,160.05969372890667,11.550280255977022,5,13,9,5.980023909572714,32.25430898838949
371,371,5,9,14,-10,3.7120802793043115,4.043187356529498,7.640671698221299,10.2966269987545,160.25804210460126,9.445330896644245,5,14,9,6.828137976712135,24.593067363536672
372,372,5,9,15,-10,3.7120802793043115,2.352245310336488,5.548250715315591,18.643818463310513,131.05843537333882,30.297746163350666,5,15,9,1.1463452152711784,138.5836115071611
373,373,5,9,16,-10,3.7120802793043115,1.3643012863733583,4.226424256981305,18.357245084740676,102.67116854357182,58.97158637168749,5,16,9,2.102269690521891,123.42525598373248
374,374,5,10,11,-10,4.808566938288371,1.2385382513269452,4.913205979805852,14.586789218797579,87.51376423587858,77.8994465453238,5,10,11,6.339432565126236,44.26632220456772
375,375,5,10,12,-10,4.808566938288371,1.357930778795443,6.017496157040732,6.590871781128703,149.427520362522,23.981607856349342,5,10,12,3.7966052841440887,151.3136398691272
376,376,5,10,13,-10,4.808566938288371,2.3322191149203793,6.32265529662973,18.51353609040611,120.59104945556513,40.89541445402881,5,13,10,2.1008794329908396,131.0006143481345
377,377,5,10,14,-10,4.808566938288371,3.5397406684671084,7.640671698221299,20.175892140022945,131.88489963942732,27.93920822054975,5,10,14,7.4342453080890945,85.71868643078292
378,378,5,10,15,-10,4.808566938288371,2.7663625937320653,5.548250715315591,29.907475426049242,90.01724614122716,60.07527843272362,5,15,10,5.399615575691463,62.72391424878947
379,379,5,10,16,-10,4.808566938288371,2.402117815595231,4.226424256981305,29.959763647671092,61.48095894826166,88.55927740406725,5,10,16,4.617211236539978,65.41640407137335
380,380,5,11,12,-10,4.913205979805852,2.2694953183472357,6.017496157040732,21.01010063854634,108.07747015450124,50.912429206952446,11,12,5,4.696008783963145,94.30189354063258
381,381,5,11,13,-10,4.913205979805852,3.4712967317704235,6.32265529662973,33.067862283212186,96.37334047865026,50.55879723813757,5,13,11,6.054038061347195,53.987473037939665
382,382,5,11,14,-10,4.913205979805852,4.558288384909406,7.640671698221299,34.680463119391355,107.49085062494648,37.82868625566216,11,14,5,3.4457726919006473,116.75869148338447
383,383,5,11,15,-10,4.913205979805852,4.004083041096928,5.548250715315591,44.49398198697418,76.19414354852881,59.311874464497,5,15,11,2.8402582811697887,122.11171137804267
384,384,5,11,16,-10,4.913205979805852,3.518694218030322,4.226424256981305,44.501305015504656,57.34190305237656,78.1567919321188,5,16,11,3.251847349299859,131.45867867967428
385,385,5,12,13,-10,6.017496157040732,1.334469932220279,6.32265529662973,12.08974150128401,97.09934867742759,70.81090982128843,5,13,12,3.5210965182216354,128.3662907731416
386,386,5,12,14,-10,6.017496157040732,2.289044342078147,7.640671698221299,13.670536179839884,127.91888381319296,38.41058000696717,5,12,14,6.837249754698802,93.59430231921243
387,387,5,12,15,-10,6.017496157040732,2.412521916998889,5.548250715315591,23.632870104145596,67.20846824504058,89.15866165081384,5,15,12,6.445158379202241,68.63816520486395
388,388,5,12,16,-10,6.017496157040732,2.751724913576936,4.226424256981305,23.907173084218318,38.494544307461474,117.5982826083202,5,16,12,5.662974504433109,89.22271288320336
389,389,5,13,14,-10,6.32265529662973,1.3381681508689378,7.640671698221299,1.9072721221896853,169.0452479682056,9.047479909604258,5,13,14,9.18279859600836,51.75813231463535
390,390,5,13,15,-10,6.32265529662973,1.4257994248841608,5.548250715315591,11.600870157262042,51.49167349783015,116.90745634490787,5,13,15,4.5625160621842795,89.94546082954368
391,391,5,13,16,-10,6.32265529662973,2.365769642209487,4.226424256981305,12.178097393804487,22.139451627226016,145.6824509789695,5,13,16,1.7673486817807338,115.1283198064038
392,392,5,14,15,-10,7.640671698221299,2.3980496241737788,5.548250715315591,10.323081453150312,24.494316643980287,145.18260190286938,5,15,14,9.616831523105299,38.42740379213965
393,393,5,14,16,-10,7.640671698221299,3.59059020218125,4.226424256981305,11.223874464110843,13.244747291137477,155.53137824475166,5,16,14,7.452313208029361,87.04669215700841
394,394,5,15,16,-10,5.548250715315591,1.338229427265743,4.226424256981305,2.4717146791926767,7.828131834866547,169.70015348594055,5,15,16,6.6287441795982405,23.320480275422387
395,395,6,7,8,-10,2.4313348185718846,1.51790579417828,3.053948755300254,29.430407034448557,98.6584497932396,51.91114317231187,8,7,6,3.2014575211029377,72.03637831868555
396,396,6,7,9,-10,2.4313348185718846,2.523901939458029,4.51066137057527,24.947103550559056,131.07952477651807,23.97337167292288,6,9,7,0.46840470144314006,106.65272196382121
397,397,6,7,10,-10,2.4313348185718846,3.5715919419776965,5.331040986524114,33.66694071569144,124.16160830580841,22.17145097850014,10,7,6,7.095119140112613,7.743615579917361
398,398,6,7,11,-10,2.4313348185718846,3.8250388233323847,5.097981070973093,45.84094219854747,107.02904280335565,27.130014998096907,7,11,6,0.6950357772231478,131.75899909589293
399,399,6,7,12,-10,2.4313348185718846,4.702560260113634,6.641138306043624,30.230192514855275,134.68143101129738,15.08837647384734,6,12,7,3.2973544363929697,43.10724910621571
400,400,6,7,13,-10,2.4313348185718846,5.007295577454962,7.180709853489415,21.88536303406327,147.6870741521085,10.427562813828283,13,7,6,8.784849933730676,43.554408346994876
401,401,6,7,14,-10,2.4313348185718846,6.305556993636644,8.509812336356186,21.244720094621808,150.72375522637597,8.031524679002183,6,14,7,6.261364077074244,15.28788169704108
402,402,6,7,15,-10,2.4313348185718846,4.3409612990672946,6.61146201683107,16.789705576988005,153.89960883617977,9.310685586832221,15,7,6,8.771312554449215,4.9227071213213325
403,403,6,7,16,-10,2.4313348185718846,3.096187817300496,5.311224905800918,18.203932177758727,147.5954658759948,14.200601946246467,16,7,6,5.625670216199107,70.42545096235715
404,404,6,8,9,-10,3.053948755300254,1.5000043333270756,4.51066137057527,5.5251900697929175,163.16996388930116,11.304846040905908,6,9,8,2.099823767708018,88.97657830712338
405,405,6,8,10,-10,3.053948755300254,2.5117565566750324,5.331040986524114,15.096694585126148,146.4416609327103,18.4616444821635,10,8,6,4.195453981912034,151.27287613456247
406,406,6,8,11,-10,3.053948755300254,2.762980274992929,5.097981070973093,27.250858581385256,122.34426431038213,30.404877108232622,8,11,6,4.420409617276084,7.020517331196502
407,407,6,8,12,-10,3.053948755300254,3.7506971352003373,6.641138306043624,13.970156769028804,154.69340560175198,11.33643762921929,6,12,8,4.120832127408815,46.95253665636859
408,408,6,8,13,-10,3.053948755300254,4.205015695571186,7.180709853489415,9.89170823692635,162.9412647784681,7.167026984605534,13,8,6,6.069094082443248,113.82311436260555
409,409,6,8,14,-10,3.053948755300254,5.543062059908765,8.509812336356186,11.023802723011663,162.92881685606943,6.047380420918876,6,14,8,5.16694410283943,36.21519421368079
410,410,6,8,15,-10,3.053948755300254,3.717609043457907,6.61146201683107,13.794390127288645,154.9098940263188,11.295715846392557,15,8,6,6.316622448771422,90.86999980094618
411,411,6,8,16,-10,3.053948755300254,2.4769596282539634,5.311224905800918,14.547394503029983,147.41196984144287,18.040635655527144,16,8,6,4.5455287796311366,122.28268680427212
412,412,6,9,10,-10,4.51066137057527,1.402132661341289,5.331040986524114,13.315753207343862,118.87347653695251,47.810770255703645,6,9,10,3.9877094203515195,114.4037085775372
413,413,6,9,11,-10,4.51066137057527,2.2799923245484863,5.097981070973093,26.559676604098396,91.23963377912602,62.200689616775584,9,11,6,5.642561024259742,6.105585783737045
414,414,6,9,12,-10,4.51066137057527,2.377300990619405,6.641138306043624,11.059377072376192,147.59650011332258,21.344122814301286,12,9,6,7.6232885989011185,31.67846843945467
415,415,6,9,13,-10,4.51066137057527,2.7050822538325905,7.180709853489415,4.369804946409357,168.33098163876926,7.299213414821177,6,9,13,8.217636100110466,55.39020373794081
416,416,6,9,14,-10,4.51066137057527,4.043187356529498,8.509812336356186,5.505625360959676,168.34986486207893,6.144509776961344,14,9,6,6.51362326860378,169.59561545256787
417,417,6,9,15,-10,4.51066137057527,2.352245310336488,6.61146201683107,11.119501872098086,147.17596660806788,21.70453151983405,6,9,15,6.716518635269679,77.63659443862157
418,418,6,9,16,-10,4.51066137057527,1.3643012863733583,5.311224905800918,12.959411492707222,119.18531309126863,47.85527541602414,6,9,16,3.341444723526802,142.4988725035616
419,419,6,10,11,-10,5.331040986524114,1.2385382513269452,5.097981070973093,13.39950160975995,72.52900118207026,94.07149720816976,10,6,11,3.8727603582658547,4.935431018071175
420,420,6,10,12,-10,5.331040986524114,1.357930778795443,6.641138306043624,3.440501125429462,162.93259669714587,13.626902177424789,6,12,10,8.560402042685126,10.567131788609988
421,421,6,10,13,-10,5.331040986524114,2.3322191149203793,7.180709853489415,13.184053523088117,135.39307184482482,31.422874632087073,13,10,6,6.01463390062306,179.5247215512438
422,422,6,10,14,-10,5.331040986524114,3.5397406684671084,8.509812336356186,13.277015174510522,146.4875004700745,20.235484355415,6,14,10,3.4841537141517893,86.47386824841526
423,423,6,10,15,-10,5.331040986524114,2.7663625937320653,6.61146201683107,23.83748594859761,105.00956175775555,51.15295229364684,15,10,6,5.8375456961389185,118.56370107908788
424,424,6,10,16,-10,5.331040986524114,2.402117815595231,5.311224905800918,26.088981575343247,76.49504412844495,77.4159742962118,10,16,6,4.900778188443329,104.56180986611446
425,425,6,11,12,-10,5.097981070973093,2.2694953183472357,6.641138306043624,16.442832507623578,124.0751441279869,39.48202336438953,12,6,11,4.3988493597975395,30.28928812503865
426,426,6,11,13,-10,5.097981070973093,3.4712967317704235,7.180709853489415,26.534776390743527,112.46301024315926,41.002213366097195,13,6,11,7.038645221620636,4.548709803203759
427,427,6,11,14,-10,5.097981070973093,4.558288384909406,8.509812336356186,26.53151175354936,123.49645745313394,29.972030793316712,14,6,11,5.828629710773884,50.87425315808518
428,428,6,11,15,-10,5.097981070973093,4.004083041096928,6.61146201683107,37.23666821565235,92.37154794560021,50.39178383874744,15,6,11,0.8358007744492422,142.88142916800126
429,429,6,11,16,-10,5.097981070973093,3.518694218030322,5.311224905800918,39.44759327522845,73.54656323047361,67.00584349429796,16,6,11,5.386675584246153,34.11191436944789
430,430,6,12,13,-10,6.641138306043624,1.334469932220279,7.180709853489415,10.139813812827672,108.6804303233198,61.17975586385258,6,12,13,9.929582314632224,28.303243631275574
431,431,6,12,14,-10,6.641138306043624,2.289044342078147,8.509812336356186,10.0889541946003,139.36466007532886,30.546385730070813,14,12,6,7.820435245728167,123.7589516227043
432,432,6,12,15,-10,6.641138306043624,2.412521916998889,6.61146201683107,20.975824516656274,78.81905357799974,80.205121905344,6,12,15,8.825648077951216,39.530597839070744
433,433,6,12,16,-10,6.641138306043624,2.751724913576936,5.311224905800918,23.402673535886645,50.05268797824758,106.54463848586576,6,12,16,6.695482024248067,51.555878597436156
434,434,6,13,14,-10,7.180709853489415,1.3381681508689378,8.509812336356186,1.139776135387978,172.7328307051375,6.127393159474063,6,14,13,6.6435424027747345,79.11267281232851
435,435,6,13,15,-10,7.180709853489415,1.4257994248841608,6.61146201683107,10.886720081026885,61.137917519912676,107.97536239906046,13,15,6,7.302627383167174,77.38492530581135
436,436,6,13,16,-10,7.180709853489415,2.365769642209487,5.311224905800918,13.481839897503399,31.560595464513987,134.95756463798259,13,16,6,6.012600607289405,170.0858305483018
437,437,6,14,15,-10,8.509812336356186,2.3980496241737788,6.61146201683107,11.210204820853281,32.411005613882224,136.3787895652645,6,14,15,7.059217275154341,66.21738216856838
438,438,6,14,16,-10,8.509812336356186,3.59059020218125,5.311224905800918,13.93765710100295,20.872560953794586,145.18978194520247,6,14,16,6.111929932380797,58.403135552667635
439,439,6,15,16,-10,6.61146201683107,1.338229427265743,5.311224905800918,3.0616242155493323,12.238175482756228,164.70020030169437,15,16,6,5.981950278652269,159.1295580155883
440,440,7,8,9,-10,1.51790579417828,1.5000043333270756,2.523901939458029,33.025583770448094,113.50321312313565,33.47120310641626,7,8,9,2.663631155403615,71.23152733305062
441,441,7,8,10,-10,1.51790579417828,2.5117565566750324,3.5715919419776965,36.1841300212913,122.9132951767141,20.902574801994596,7,10,8,2.278304834429777,41.69813201397722
442,442,7,8,11,-10,1.51790579417828,2.762980274992929,3.8250388233323847,36.77751125464552,124.0195857907211,19.202902954633398,7,8,11,3.4200743172099135,117.01462118269401
443,443,7,8,12,-10,1.51790579417828,3.7506971352003373,4.702560260113634,43.529876169561746,120.28570885875168,16.184414971686582,7,8,12,4.033632040837117,149.36019928996976
444,444,7,8,13,-10,1.51790579417828,4.205015695571186,5.007295577454962,50.374183069755624,113.48301221691189,16.142804713332524,7,13,8,1.0082394422300502,9.400050361234372
445,445,7,8,14,-10,1.51790579417828,5.543062059908765,6.305556993636644,53.67790747395078,113.57593904311683,12.746153482932344,7,8,14,7.039773740617658,13.864763004772025
446,446,7,8,15,-10,1.51790579417828,3.717609043457907,4.3409612990672946,56.2192888132023,103.94229149150341,19.83841969529429,7,15,8,0.8832130460875404,33.772472175988696
447,447,7,8,16,-10,1.51790579417828,2.4769596282539634,3.096187817300496,52.24547711935004,98.7739581683643,28.980564712285663,7,16,8,2.563304430325723,32.9070853939796
448,448,7,9,10,-10,2.523901939458029,1.402132661341289,3.5715919419776965,17.854779067429803,128.6475107328592,33.49771019971096,7,10,9,2.1561824496679987,79.00994238095625
449,449,7,9,11,-10,2.523901939458029,2.2799923245484863,3.8250388233323847,35.07023328507114,105.43203246123772,39.497734253691135,11,9,7,4.230869229756483,61.728981991157646
450,450,7,9,12,-10,2.523901939458029,2.377300990619405,4.702560260113634,15.872120583271988,147.24857370439227,16.87930571233569,7,9,12,5.951120483753408,7.41960347030203
451,451,7,9,13,-10,2.523901939458029,2.7050822538325905,5.007295577454962,17.35150872408972,146.49222107146758,16.1562702044427,13,7,9,5.078618667670089,13.348196054303973
452,452,7,9,14,-10,2.523901939458029,4.043187356529498,6.305556993636644,20.657604615832394,146.62047081506498,12.721924569102598,7,14,9,4.477783922525175,33.220357990855256
453,453,7,9,15,-10,2.523901939458029,2.352245310336488,4.3409612990672946,26.081573656075452,125.77150596127183,28.146920382652763,7,15,9,2.1674069581143436,71.15831235588838
454,454,7,9,16,-10,2.523901939458029,1.3643012863733583,3.096187817300496,25.5962025125294,101.34711437851603,53.05668310895459,7,16,9,1.3328714467449723,122.16481809521044
455,455,7,10,11,-10,3.5715919419776965,1.2385382513269452,3.8250388233323847,18.878199123612685,92.20683724123741,68.91496363514992,7,10,11,2.040616375384252,176.9227122372718
456,456,7,10,12,-10,3.5715919419776965,1.357930778795443,4.702560260113634,10.522421270535395,140.77109105611618,28.706487673348434,7,10,12,5.740803591016163,46.815339937097846
457,457,7,10,13,-10,3.5715919419776965,2.3322191149203793,5.007295577454962,25.1014453144016,114.3826032378332,40.5159514477652,7,13,10,1.072036430742602,174.01613956959824
458,458,7,10,14,-10,3.5715919419776965,3.5397406684671084,6.305556993636644,27.406100872421888,124.92016337268086,27.673735754897255,7,10,14,7.582978864636601,39.39197777944563
459,459,7,10,15,-10,3.5715919419776965,2.7663625937320653,4.3409612990672946,39.4398380364998,85.45729005748157,55.10287190601864,7,15,10,4.482098926967834,51.755798581502305
460,460,7,10,16,-10,3.5715919419776965,2.402117815595231,3.096187817300496,41.46834236733668,58.59931170321431,79.932345929449,7,10,16,4.661141145983508,22.959079685969073
461,461,7,11,12,-10,3.8250388233323847,2.2694953183472357,4.702560260113634,28.570070445124806,97.72097561759054,53.70895393728464,11,12,7,4.911879450957174,14.686121414323146
462,462,7,11,13,-10,3.8250388233323847,3.4712967317704235,5.007295577454962,43.78673328483879,86.52890463987791,49.6843620752833,7,13,11,1.4529851229519355,149.23260447350896
463,463,7,11,14,-10,3.8250388233323847,4.558288384909406,6.305556993636644,45.82794787343988,97.16788260491215,37.004169521647995,11,14,7,6.069194358179302,7.958322113555526
464,464,7,11,15,-10,3.8250388233323847,4.004083041096928,4.3409612990672946,58.31630192283956,67.30251565107297,54.381182426087506,15,7,11,5.5236299422545585,36.8439955530062
465,465,7,11,16,-10,3.8250388233323847,3.518694218030322,3.096187817300496,60.01940122062209,49.65733914236203,70.3232596370159,7,16,11,5.313645256700105,13.4547796155652
466,466,7,12,13,-10,4.702560260113634,1.334469932220279,5.007295577454962,15.38646765485912,95.38618250039949,69.22734984474138,7,13,12,7.122006184328091,12.04272515587663
467,467,7,12,14,-10,4.702560260113634,2.289044342078147,6.305556993636644,17.25848409439317,125.18824909392002,37.553266811686846,7,12,14,6.774196668334683,68.53301011909889
468,468,7,12,15,-10,4.702560260113634,2.412521916998889,4.3409612990672946,30.610987555025986,66.38223419738932,83.00677824758468,7,15,12,3.560230840927287,107.81314516267295
469,469,7,12,16,-10,4.702560260113634,2.751724913576936,3.096187817300496,34.04616575063427,39.046026569455584,106.90780767991015,7,16,12,6.099852836457383,22.16411469700903
470,470,7,13,14,-10,5.007295577454962,1.3381681508689378,6.305556993636644,3.3078879603642877,164.22299752310855,12.469114516527105,7,13,14,8.784447692268182,6.823941882864043
471,471,7,13,15,-10,5.007295577454962,1.4257994248841608,4.3409612990672946,15.53847585920795,54.64660974678127,109.81491439401081,7,13,15,6.821819361068389,6.161720169658786
472,472,7,13,16,-10,5.007295577454962,2.365769642209487,3.096187817300496,20.399111083961866,27.1404126234482,132.4604762925899,7,13,16,3.9402211912183716,51.777417625535634
473,473,7,14,15,-10,6.305556993636644,2.3980496241737788,4.3409612990672946,15.103322647537675,28.14261820068588,136.75405915177646,7,15,14,8.184760427416615,25.97301405883718
474,474,7,14,16,-10,6.305556993636644,3.59059020218125,3.096187817300496,20.995265096657942,17.996345873185543,141.00838903015654,7,16,14,7.264475556193575,46.75737470346491
475,475,7,15,16,-10,4.3409612990672946,1.338229427265743,3.096187817300496,7.68435614463283,18.021294485933254,154.29434936943383,7,15,16,3.4682045300156434,61.63302683678544
476,476,8,9,10,-10,1.5000043333270756,1.402132661341289,2.5117565566750324,28.96165176874286,119.83855373624323,31.199794495013954,8,10,9,2.5960444732723826,21.50590080594846
477,477,8,9,11,-10,1.5000043333270756,2.2799923245484863,2.762980274992929,55.577240466415084,91.55557121718529,32.867188316399634,11,9,8,2.860494103889376,73.53997357670168
478,478,8,9,12,-10,1.5000043333270756,2.377300990619405,3.7506971352003373,18.571651736255916,149.83538108325695,11.59296718048703,8,12,9,0.59727809955308,43.54939433193637
479,479,8,9,13,-10,1.5000043333270756,2.7050822538325905,4.205015695571186,0.4467796764398491,179.30547674888973,0.24774357467023456,13,8,9,0.8428478256855142,128.09274742075107
480,480,8,9,14,-10,1.5000043333270756,4.043187356529498,5.543062059908765,0.6433242310026738,179.11800969599196,0.2386660730065887,8,14,9,1.8107515742316769,29.796133081494016
481,481,8,9,15,-10,1.5000043333270756,2.352245310336488,3.717609043457907,19.120561197037862,148.82271599828834,12.056722804673777,15,8,9,1.1639568357991112,99.619836841032
482,482,8,9,16,-10,1.5000043333270756,1.3643012863733583,2.4769596282539634,28.60289921014204,119.63760970959805,31.75949108025991,8,16,9,2.7019515391193174,10.319713321217328
483,483,8,10,11,-10,2.5117565566750324,1.2385382513269452,2.762980274992929,26.61602272493595,88.07647969047609,65.30749758458796,8,10,11,2.9333799759891717,69.76889808239103
484,484,8,10,12,-10,2.5117565566750324,1.357930778795443,3.7506971352003373,10.390920059073565,150.12062685715316,19.488453083773333,8,10,12,4.582629716029584,42.325810312689796
485,485,8,10,13,-10,2.5117565566750324,2.3322191149203793,4.205015695571186,28.569601834332058,120.43023784784788,31.000160317820058,8,13,10,4.5644669001788385,9.21448737095487
486,486,8,10,14,-10,2.5117565566750324,3.5397406684671084,5.543062059908765,28.355355883192424,131.94979353990186,19.694850576905704,8,10,14,6.795580628828306,3.7852055061410055
487,487,8,10,15,-10,2.5117565566750324,2.7663625937320653,3.717609043457907,48.08063527444722,89.41838473136978,42.500979994183005,8,15,10,3.8915698821616647,31.838558083225845
488,488,8,10,16,-10,2.5117565566750324,2.402117815595231,2.4769596282539634,57.5630921597702,60.49098591339369,61.94592192683609,8,10,16,2.1040247026399936,91.42233702791805
489,489,8,11,12,-10,2.762980274992929,2.2694953183472357,3.7506971352003373,37.006902615723824,95.87209501188643,47.121002372389746,11,12,8,3.042556035602258,65.06835194530426
490,490,8,11,13,-10,2.762980274992929,3.4712967317704235,4.205015695571186,55.18562431409063,84.00987195244313,40.80450373346625,13,8,11,5.57294661552338,1.2917817609623279
491,491,8,11,14,-10,2.762980274992929,4.558288384909406,5.543062059908765,54.971378184266044,95.26977457990218,29.75884723583179,11,14,8,2.501693240696183,70.43410001856593
492,492,8,11,15,-10,2.762980274992929,4.004083041096928,3.717609043457907,74.6966553793357,63.577026122142804,41.72631849852149,15,8,11,5.376584785617437,35.21485554641286
493,493,8,11,16,-10,2.762980274992929,3.518694218030322,2.4769596282539634,84.17911469109762,44.45213602726498,51.368749281637406,16,8,11,3.1602288000643184,96.30999252576191
494,494,8,12,13,-10,3.7506971352003373,1.334469932220279,4.205015695571186,18.178755488258293,100.55454983552454,61.266694676217185,8,13,12,2.4766670957180965,109.71552658458889
495,495,8,12,14,-10,3.7506971352003373,2.289044342078147,5.543062059908765,17.964507107808274,131.67943461533693,30.35605827685482,8,12,14,4.590963536851084,110.86038064328565
496,496,8,12,15,-10,3.7506971352003373,2.412521916998889,3.717609043457907,37.689803469152956,70.41138013565283,71.89881639519419,8,15,12,1.8920522548328356,178.94271103438618
497,497,8,12,16,-10,3.7506971352003373,2.751724913576936,2.4769596282539634,47.1722291857617,41.31275859883229,91.51501221540603,8,16,12,4.988089254693281,2.0822264479894197
498,498,8,13,14,-10,4.205015695571186,1.3381681508689378,5.543062059908765,0.21425170959051154,179.1124768219839,0.6732714684246365,8,13,14,3.517150551093207,160.42227605347173
499,499,8,13,15,-10,4.205015695571186,1.4257994248841608,3.717609043457907,19.51104820481969,60.556068538212685,99.93288325696763,8,13,15,2.430192777738732,109.99485320396225
500,500,8,13,16,-10,4.205015695571186,2.365769642209487,2.4769596282539634,28.99349037982477,30.496876236947678,120.50963338322757,8,13,16,4.288613646526328,22.362929069597627
501,501,8,14,15,-10,5.543062059908765,2.3980496241737788,3.717609043457907,19.725296401021307,31.54922094571631,128.7254826532624,8,15,14,4.580766807267167,111.66508128680884
502,502,8,14,16,-10,5.543062059908765,3.59059020218125,2.4769596282539634,29.207736537381,19.67169208835538,131.12057137426365,8,16,14,6.35846654387654,44.474372650418374
503,503,8,15,16,-10,3.717609043457907,1.338229427265743,2.4769596282539634,9.482502706432305,17.75412723492844,152.76337005863934,8,15,16,4.333995063472729,1.8895251855835549
504,504,9,10,11,-10,1.402132661341289,1.2385382513269452,2.2799923245484863,28.283873375322788,119.27529462448604,32.44083200019118,11,9,10,1.1693924464779732,64.85039355481074
505,505,9,10,12,-10,1.402132661341289,1.357930778795443,2.377300990619405,29.997765365124227,118.92182154085722,31.08041309401855,10,12,9,0.8484037024105721,132.9647121861613
506,506,9,10,13,-10,1.402132661341289,2.3322191149203793,2.7050822538325905,59.55142942890433,89.23121617833516,31.217354392760527,13,10,9,1.5787369909959272,160.2442453685875
507,507,9,10,14,-10,1.402132661341289,3.5397406684671084,4.043187356529498,59.32965341195296,100.7506875745204,19.919659013526637,10,14,9,0.5045356609890731,37.2806752844625
508,508,9,10,15,-10,1.402132661341289,2.7663625937320653,2.352245310336488,91.33540567444572,58.2194642056806,30.44513011987369,15,10,9,1.9421709813791916,88.37711998364492
509,509,9,10,16,-10,1.402132661341289,2.402117815595231,1.3643012863733583,120.51918807136317,29.292766037975127,30.188045890661666,10,16,9,2.2750293414332634,31.64534553271723
510,510,9,11,12,-10,2.2799923245484863,2.2694953183472357,2.377300990619405,58.28158737932631,63.005417294538695,58.71299532613499,9,12,11,2.736084018880809,55.323516511193276
511,511,9,11,13,-10,2.2799923245484863,3.4712967317704235,2.7050822538325905,87.83525618184582,51.14309668561313,41.021647132541055,11,9,13,2.8796182970834594,111.98706615529873
512,512,9,11,14,-10,2.2799923245484863,4.558288384909406,4.043187356529498,87.61343711711189,62.402954917552776,29.983607965335317,14,9,11,4.72449318988236,72.85944279407917
513,513,9,11,15,-10,2.2799923245484863,4.004083041096928,2.352245310336488,119.61927687389938,30.71028688778502,29.67043623831559,11,9,15,3.222280844524849,126.30588306806027
514,514,9,11,16,-10,2.2799923245484863,3.518694218030322,1.3643012863733583,148.80248763741426,11.58607926241488,19.611433100170853,11,9,16,3.0354529964673915,105.65587770525427
515,515,9,12,13,-10,2.377300990619405,1.334469932220279,2.7050822538325905,29.55367141603226,88.96236779817437,61.483960785793386,13,9,12,1.6769537692977081,50.90328569556909
516,516,9,12,14,-10,2.377300990619405,2.289044342078147,4.043187356529498,29.331889410650163,120.08716458970562,30.580945999644236,9,14,12,3.8023493102858894,33.00173464774681
517,517,9,12,15,-10,2.377300990619405,2.412521916998889,2.352245310336488,61.33771671986853,58.81930985537884,59.84297342475263,15,12,9,3.5492144358454634,5.786262561998113
518,518,9,12,16,-10,2.377300990619405,2.751724913576936,1.3643012863733583,90.52213143573243,29.721064748778826,59.75680381548874,16,12,9,2.7386472213188124,1.8982818508491717
519,519,9,13,14,-10,2.7050822538325905,1.3381681508689378,4.043187356529498,0.22504647631899805,179.32002260914436,0.454930914535297,13,14,9,3.3575503425066406,11.462937554040806
520,520,9,13,15,-10,2.7050822538325905,1.4257994248841608,2.352245310336488,31.784099561030967,60.338965923237346,87.87693451573169,13,15,9,3.3013836991152465,29.6718485178312
521,521,9,13,16,-10,2.7050822538325905,2.365769642209487,1.3643012863733583,60.96896351990958,30.28009159500172,88.7509448850887,13,16,9,2.4535794212887714,88.99512139207916
522,522,9,14,15,-10,4.043187356529498,2.3980496241737788,2.352245310336488,32.00601925426931,31.324527647560544,116.66945309817012,15,14,9,3.4780423166977705,16.395003752287124
523,523,9,14,16,-10,4.043187356529498,3.59059020218125,1.3643012863733583,61.1910129197024,19.447185659659638,99.36180142063797,16,14,9,1.7802850486767317,44.85834760037882
524,524,9,15,16,-10,2.352245310336488,1.338229427265743,1.3643012863733583,29.185265944238733,29.810662843939358,121.00407121182191,15,16,9,2.4676403513672893,72.30170338474488
525,525,10,11,12,-10,1.2385382513269452,2.2694953183472357,1.357930778795443,121.80271815808284,30.56464517825142,27.632636663665746,11,12,10,0.9844889940421501,71.12256742212027
526,526,10,11,13,-10,1.2385382513269452,3.4712967317704235,2.3322191149203793,151.49328076524318,18.70237526615902,9.804343968597797,13,10,11,4.574857486735565,16.328260605465257
527,527,10,11,14,-10,1.2385382513269452,4.558288384909406,3.5397406684671084,139.97372488432728,29.962277989354543,10.063997126318185,11,14,10,2.463456055042936,29.95492740623999
528,528,10,11,15,-10,1.2385382513269452,4.004083041096928,2.7663625937320653,177.49469109411697,1.7305930166229488,0.774715889260002,15,10,11,3.1670506452444447,117.82343250260892
529,529,10,11,16,-10,1.2385382513269452,3.518694218030322,2.402117815595231,148.56746475425342,20.85536221256422,10.577173033182387,16,10,11,4.154266418716439,50.70941060616554
530,530,10,12,13,-10,1.357930778795443,1.334469932220279,2.3322191149203793,29.69062022914895,120.04276556685492,30.266614203996134,10,13,12,1.9212430128204907,44.29701431057455
531,531,10,12,14,-10,1.357930778795443,2.289044342078147,3.5397406684671084,18.171138250251094,151.16757324739186,10.661288502357108,10,14,12,1.1108837379847336,50.096323641768215
532,532,10,12,15,-10,1.357930778795443,2.412521916998889,2.7663625937320653,60.702471781094935,89.8996460436469,29.39788217525816,15,10,12,3.2588072319972445,41.87379467331775
533,533,10,12,16,-10,1.357930778795443,2.751724913576936,2.402117815595231,89.62976018638655,60.8011197881022,29.569120025511253,16,10,12,3.288749667812196,53.614065013382614
534,534,10,13,14,-10,2.3322191149203793,1.3381681508689378,3.5397406684671084,11.519555996488396,148.1123396006677,20.368104402843915,10,13,14,3.123957845940069,101.16549900445428
535,535,10,13,15,-10,2.3322191149203793,1.4257994248841608,2.7663625937320653,31.01187630751577,91.55619799421436,57.43192569826987,10,15,13,1.1917186095849692,129.70045000322173
536,536,10,13,16,-10,2.3322191149203793,2.365769642209487,2.402117815595231,59.93925199108239,61.49703649587064,58.56371151304697,10,16,13,3.508744458334139,9.427346539253294
537,537,10,14,15,-10,3.5397406684671084,2.3980496241737788,2.7663625937320653,42.5314266806401,51.24405366848289,86.224519650877,10,15,14,3.6429972122260397,74.72603994259559
538,538,10,14,16,-10,3.5397406684671084,3.59059020218125,2.402117815595231,71.45880784326046,39.366542495387804,69.17464966135175,16,10,14,2.3927347944173407,174.87085054090616
539,539,10,15,16,-10,2.7663625937320653,1.338229427265743,2.402117815595231,28.92742044429585,60.25503237514113,90.81754718056303,10,15,16,3.6001391662680353,23.918425606825316
540,540,11,12,13,-10,2.2694953183472357,1.334469932220279,3.4712967317704235,11.862325727926999,147.6753531778775,20.462321094195513,11,12,13,2.707883720650436,123.92219310220753
541,541,11,12,14,-10,2.2694953183472357,2.289044342078147,4.558288384909406,0.6041772507589196,178.79680551543785,0.5990172338037844,14,12,11,3.6702157702922307,135.55214537788646
542,542,11,12,15,-10,2.2694953183472357,2.412521916998889,4.004083041096928,32.29515792152013,117.53227903760146,30.172563040878423,11,12,15,3.3948492435465494,114.70434672629467
543,543,11,12,16,-10,2.2694953183472357,2.751724913576936,3.518694218030322,51.41997765959245,88.43374231002687,40.146280030380694,11,12,16,3.231039753355047,95.11641225762601
544,544,11,13,14,-10,3.4712967317704235,1.3381681508689378,4.558288384909406,11.25990278486528,138.30799573754106,30.432101477593672,11,14,13,3.6208312991319596,67.7293716487632
545,545,11,13,15,-10,3.4712967317704235,1.4257994248841608,4.004083041096928,20.43286427223322,101.36053727666908,58.206598451097726,15,13,11,4.127678464301964,75.10014206003511
546,546,11,13,16,-10,3.4712967317704235,2.365769642209487,3.518694218030322,39.55773592700696,71.30137996794764,69.14088410504543,16,13,11,2.3364044484504807,177.76947947623606
547,547,11,14,15,-10,4.558288384909406,2.3980496241737788,4.004083041096928,31.69276238841754,61.308048337369165,86.99918927421331,11,14,15,1.9158154847345643,145.16402844067892
548,548,11,14,16,-10,4.558288384909406,3.59059020218125,3.518694218030322,50.81763856910019,49.43053930745732,79.75182212344248,11,14,16,1.9798949130015788,111.22104088464094
549,549,11,15,16,-10,4.004083041096928,1.338229427265743,3.518694218030322,19.12490435646078,59.4803817273349,101.39471391620431,15,16,11,4.660600173129275,10.311121351717789
550,550,12,13,14,-10,1.334469932220279,1.3381681508689378,2.289044342078147,31.12488496358167,117.84579566566494,31.029319370753388,13,14,12,1.4710824501578939,65.03212638664914
551,551,12,13,15,-10,1.334469932220279,1.4257994248841608,2.412521916998889,30.143170423043266,121.82276203364792,28.034067543308836,15,13,12,3.10957418807452,10.638928155933794
552,552,12,13,16,-10,1.334469932220279,2.365769642209487,2.751724913576936,59.24181792676057,91.76353489238151,28.994647180857903,16,13,12,3.7234496178739405,29.174837774656396
553,553,12,14,15,-10,2.289044342078147,2.3980496241737788,2.412521916998889,61.26805453667042,61.90527915272203,56.82666631060755,15,12,14,1.2815924564494385,149.10260651605014
554,554,12,14,16,-10,2.289044342078147,3.59059020218125,2.751724913576936,90.36669139695888,50.027734723909155,39.60557387913195,16,12,14,4.247339169366865,52.95805722765951
555,555,12,15,16,-10,2.412521916998889,1.338229427265743,2.751724913576936,29.09865771415253,89.65278114566527,61.248561140182204,16,15,12,2.8400207056046884,75.65802447405095
556,556,13,14,15,-10,1.3381681508689378,2.3980496241737788,1.4257994248841608,120.33143980137277,30.875960616380365,28.79259958224685,15,13,14,3.037927464653832,23.018838940379755
557,557,13,14,16,-10,1.3381681508689378,3.59059020218125,2.365769642209487,150.3906231597045,18.99843853988786,10.610938300407655,16,13,14,4.180774940675691,52.75767128836948
558,558,13,15,16,-10,1.4257994248841608,1.338229427265743,2.365769642209487,30.059246651406205,117.68682961935535,32.25392372923845,13,16,15,1.6478432933363083,57.724836796376664
559,559,14,15,16,-10,2.3980496241737788,1.338229427265743,3.59059020218125,11.877582418576205,146.4793733384032,21.64304424302063,16,15,14,4.225740773337293,16.848670423911948
