,atom_number,atom_name,residue_number,x_coord,y_coord,z_coord
0,1,O5',-10,-18.659,49.61,-16.243
1,2,C5',-10,-19.581,50.521,-16.835
2,3,C4',-10,-20.371,51.265,-15.77
3,4,O4',-10,-21.312,50.354,-15.139
4,5,C3',-10,-19.526,51.861,-14.639
5,6,O3',-10,-19.937,53.193,-14.354
6,7,C2',-10,-19.806,50.935,-13.462
7,8,C1',-10,-21.232,50.496,-13.741
8,9,N1,-10,-21.592,49.189,-13.099
9,10,C2,-10,-22.588,49.147,-12.113
10,11,O2,-10,-23.166,50.194,-11.791
11,12,N3,-10,-22.894,47.955,-11.539
12,13,C4,-10,-22.25,46.848,-11.914
13,14,N4,-10,-22.588,45.697,-11.321
14,15,C5,-10,-21.232,46.872,-12.912
15,16,C6,-10,-20.935,48.052,-13.469
16,17,P,-9,-19.117,54.07,-13.282
17,18,OP1,-9,-19.288,55.496,-13.641
18,19,OP2,-9,-17.757,53.492,-13.2
19,20,O5',-9,-19.855,53.782,-11.885
20,21,C5',-9,-21.152,54.324,-11.636
21,22,C4',-9,-21.632,54.012,-10.222
22,23,O4',-9,-21.775,52.577,-10.041
23,24,C3',-9,-20.723,54.484,-9.086
24,25,O3',-9,-21.537,54.955,-8.012
25,26,C2',-9,-19.975,53.203,-8.706
26,27,C1',-9,-21.084,52.182,-8.871
27,28,N1,-9,-20.634,50.758,-9.05
28,29,C2,-9,-21.232,49.772,-8.298
29,30,O2,-9,-22.088,49.997,-7.461
30,31,N3,-9,-20.786,48.504,-8.554
31,32,C4,-9,-19.827,48.124,-9.473
32,33,O4,-9,-19.493,46.953,-9.627
33,34,C5,-9,-19.244,49.199,-10.238
34,35,C7,-9,-18.189,48.899,-11.261
35,36,C6,-9,-19.674,50.452,-9.998
36,37,P,-8,-20.887,55.694,-6.742
37,38,OP1,-8,-21.731,56.867,-6.423
38,39,OP2,-8,-19.443,55.876,-7.005
39,40,O5',-8,-21.061,54.636,-5.557
40,41,C5',-8,-20.753,55.011,-4.222
41,42,C4',-8,-21.604,54.238,-3.232
42,43,O4',-8,-21.767,52.874,-3.698
43,44,C3',-8,-20.999,54.109,-1.847
44,45,O3',-8,-22.025,53.888,-0.886
45,46,C2',-8,-20.118,52.881,-2.015
46,47,C1',-8,-20.993,51.998,-2.896
47,48,N1,-8,-20.224,51.089,-3.805
48,49,C2,-8,-20.407,49.727,-3.708
49,50,O2,-8,-21.161,49.208,-2.902
50,51,N3,-8,-19.667,48.986,-4.594
51,52,C4,-8,-18.784,49.461,-5.548
52,53,O4,-8,-18.163,48.716,-6.299
53,54,C5,-8,-18.643,50.894,-5.599
54,55,C7,-8,-17.711,51.52,-6.593
55,56,C6,-8,-19.362,51.632,-4.738
56,57,P,-7,-21.727,54.098,0.68
57,58,OP1,-7,-23.022,54.342,1.352
58,59,OP2,-7,-20.63,55.083,0.812
59,60,O5',-7,-21.166,52.679,1.157
60,61,C5',-7,-22.015,51.541,1.134
61,62,C4',-7,-21.245,50.28,1.485
62,63,O4',-7,-20.444,49.859,0.348
63,64,C3',-7,-20.278,50.411,2.661
64,65,O3',-7,-20.353,49.241,3.461
65,66,C2',-7,-18.92,50.531,1.969
66,67,C1',-7,-19.125,49.618,0.774
67,68,N9,-7,-18.219,49.888,-0.339
68,69,C8,-7,-17.765,51.112,-0.762
69,70,N7,-7,-16.967,51.045,-1.792
70,71,C5,-7,-16.878,49.686,-2.063
71,72,C6,-7,-16.151,49.003,-3.066
72,73,O6,-7,-15.416,49.482,-3.942
73,74,N1,-7,-16.339,47.623,-2.987
74,75,C2,-7,-17.13,46.989,-2.056
75,76,N2,-7,-17.186,45.652,-2.133
76,77,N3,-7,-17.815,47.619,-1.113
77,78,C4,-7,-17.643,48.961,-1.177
78,79,P,-6,-19.762,49.216,4.957
79,80,OP1,-6,-20.896,49.409,5.887
80,81,OP2,-6,-18.59,50.116,5.037
81,82,O5',-6,-19.235,47.715,5.106
82,83,C5',-6,-19.96,46.654,4.495
83,84,C4',-6,-19.067,45.452,4.251
84,85,O4',-6,-18.293,45.647,3.04
85,86,C3',-6,-18.065,45.164,5.355
86,87,O3',-6,-17.935,43.769,5.526
87,88,C2',-6,-16.774,45.802,4.839
88,89,C1',-6,-16.91,45.647,3.329
89,90,N9,-6,-16.301,46.738,2.572
90,91,C8,-6,-16.436,48.083,2.814
91,92,N7,-6,-15.79,48.831,1.964
92,93,C5,-6,-15.195,47.926,1.097
93,94,C6,-6,-14.37,48.153,-0.029
94,95,O6,-6,-13.99,49.236,-0.496
95,96,N1,-6,-13.979,46.961,-0.63
96,97,C2,-6,-14.341,45.708,-0.196
97,98,N2,-6,-13.866,44.674,-0.906
98,99,N3,-6,-15.114,45.481,0.858
99,100,C4,-6,-15.503,46.633,1.454
100,101,P,-5,-17.14,43.189,6.792
101,102,OP1,-5,-17.688,41.846,7.086
102,103,OP2,-5,-17.136,44.232,7.841
103,104,O5',-5,-15.648,43.03,6.248
104,105,C5',-5,-15.423,42.368,5.014
105,106,C4',-5,-14.007,42.6,4.534
106,107,O4',-5,-13.92,43.877,3.888
107,108,C3',-5,-12.957,42.636,5.638
108,109,O3',-5,-12.306,41.373,5.709
109,110,C2',-5,-11.991,43.765,5.218
110,111,C1',-5,-12.578,44.278,3.902
111,112,N1,-5,-12.534,45.759,3.756
112,113,C2,-5,-11.888,46.322,2.652
113,114,O2,-5,-11.356,45.576,1.821
114,115,N3,-5,-11.861,47.672,2.523
115,116,C4,-5,-12.446,48.441,3.441
116,117,N4,-5,-12.392,49.767,3.273
117,118,C5,-5,-13.113,47.886,4.573
118,119,C6,-5,-13.134,46.553,4.688
119,120,P,-4,-11.044,41.148,6.671
120,121,OP1,-4,-11.002,39.706,6.988
121,122,OP2,-4,-11.101,42.141,7.765
122,123,O5',-4,-9.804,41.493,5.734
123,124,C5',-4,-9.796,41.026,4.4
124,125,C4',-4,-8.701,41.699,3.606
125,126,O4',-4,-9.038,43.094,3.386
126,127,C3',-4,-7.328,41.697,4.285
127,128,O3',-4,-6.349,41.234,3.386
128,129,C2',-4,-7.101,43.163,4.636
129,130,C1',-4,-7.866,43.851,3.526
130,131,N1,-4,-8.211,45.26,3.845
131,132,C2,-4,-7.79,46.26,3.001
132,133,O2,-4,-7.163,46.049,1.978
133,134,N3,-4,-8.138,47.523,3.393
134,135,C4,-4,-8.843,47.88,4.526
135,136,O4,-4,-9.109,49.045,4.794
136,137,C5,-4,-9.245,46.785,5.373
137,138,C7,-4,-10.016,47.052,6.63
138,139,C6,-4,-8.908,45.543,5.0
139,140,P,-3,-4.983,40.603,3.942
140,141,OP1,-3,-5.248,39.186,4.271
141,142,OP2,-3,-4.426,41.506,4.972
142,143,O5',-3,-4.011,40.647,2.683
143,144,C5',-3,-2.732,41.216,2.816
144,145,C4',-3,-2.558,42.369,1.85
145,146,O4',-3,-3.551,43.39,2.118
146,147,C3',-3,-1.198,43.059,1.928
147,148,O3',-3,-0.61,43.102,0.646
148,149,C2',-3,-1.512,44.462,2.457
149,150,C1',-3,-2.948,44.657,2.014
150,151,N9,-3,-3.701,45.598,2.841
151,152,C8,-3,-4.5,45.298,3.917
152,153,N7,-3,-5.057,46.344,4.459
153,154,C5,-3,-4.603,47.406,3.692
154,155,C6,-3,-4.873,48.789,3.804
155,156,O6,-3,-5.592,49.364,4.63
156,157,N1,-3,-4.209,49.524,2.828
157,158,C2,-3,-3.388,48.99,1.864
158,159,N2,-3,-2.835,49.86,1.007
159,160,N3,-3,-3.127,47.693,1.747
160,161,C4,-3,-3.766,46.964,2.692
161,162,P,-2,0.987,43.106,0.504
162,163,OP1,-2,1.348,42.313,-0.69
163,164,OP2,-2,1.547,42.734,1.824
164,165,O5',-2,1.329,44.641,0.234
165,166,C5',-2,2.432,45.234,0.879
166,167,C4',-2,2.192,46.712,1.104
167,168,O4',-2,0.925,46.906,1.752
168,169,C3',-2,3.203,47.375,2.02
169,170,O3',-2,4.21,47.992,1.246
170,171,C2',-2,2.383,48.408,2.815
171,172,C1',-2,0.942,48.164,2.37
172,173,N9,-2,-0.016,48.154,3.47
173,174,C8,-2,-0.443,47.068,4.176
174,175,N7,-2,-1.32,47.352,5.108
175,176,C5,-2,-1.477,48.723,5.007
176,177,C6,-2,-2.271,49.639,5.719
177,178,N6,-2,-3.087,49.284,6.715
178,179,N1,-2,-2.195,50.939,5.368
179,180,C2,-2,-1.376,51.289,4.37
180,181,N3,-2,-0.582,50.518,3.627
181,182,C4,-2,-0.682,49.233,4.0
182,183,P,-1,5.599,48.41,1.932
183,184,OP1,-1,6.594,48.609,0.856
184,185,OP2,-1,5.867,47.44,3.019
185,186,O5',-1,5.272,49.821,2.604
186,187,C5',-1,4.682,50.856,1.83
187,188,C4',-1,4.201,51.976,2.728
188,189,O4',-1,3.047,51.539,3.465
189,190,C3',-1,5.21,52.416,3.782
190,191,O3',-1,5.813,53.636,3.394
191,192,C2',-1,4.389,52.57,5.078
192,193,C1',-1,2.955,52.307,4.633
193,194,N1,-1,2.134,51.552,5.628
194,195,C2,-1,1.272,52.243,6.486
195,196,O2,-1,1.215,53.475,6.419
196,197,N3,-1,0.526,51.54,7.373
197,198,C4,-1,0.617,50.211,7.415
198,199,N4,-1,-0.137,49.561,8.305
199,200,C5,-1,1.485,49.49,6.547
200,201,C6,-1,2.216,50.193,5.678
201,202,P,1,7.163,54.125,4.112
202,203,OP1,1,7.848,55.059,3.191
203,204,OP2,1,7.866,52.918,4.607
204,205,O5',1,6.639,54.935,5.386
205,206,C5',1,5.652,55.94,5.223
206,207,C4',1,5.15,56.419,6.571
207,208,O4',1,4.225,55.448,7.121
208,209,C3',1,6.239,56.622,7.625
209,210,O3',1,6.084,57.889,8.238
210,211,C2',1,6.003,55.482,8.618
211,212,C1',1,4.508,55.262,8.484
212,213,N9,1,4.081,53.921,8.863
213,214,C8,1,4.565,52.733,8.381
214,215,N7,1,3.987,51.687,8.899
215,216,C5,1,3.059,52.218,9.783
216,217,C6,1,2.137,51.568,10.633
217,218,O6,1,1.952,50.352,10.776
218,219,N1,1,1.38,52.48,11.365
219,220,C2,1,1.502,53.846,11.283
220,221,N2,1,0.685,54.564,12.067
221,222,N3,1,2.362,54.467,10.49
222,223,C4,1,3.105,53.592,9.772
223,224,P,2,7.18,58.418,9.286
224,225,OP1,2,7.359,59.864,9.038
225,226,OP2,2,8.352,57.515,9.217
226,227,O5',2,6.476,58.214,10.709
227,228,C5',2,5.222,58.836,10.976
228,229,C4',2,4.7,58.444,12.347
229,230,O4',2,4.227,57.073,12.316
230,231,C3',2,5.732,58.518,13.479
231,232,O3',2,5.234,59.321,14.552
232,233,C2',2,5.919,57.056,13.902
233,234,C1',2,4.584,56.444,13.518
234,235,N1,2,4.64,54.968,13.29
235,236,C2,2,3.794,54.146,14.002
236,237,O2,2,2.99,54.56,14.817
237,238,N3,2,3.922,52.812,13.723
238,239,C4,2,4.793,52.227,12.823
239,240,O4,2,4.833,51.015,12.645
240,241,C5,2,5.654,53.143,12.112
241,242,C7,2,6.643,52.623,11.111
242,243,C6,2,5.538,54.454,12.376
243,244,P,3,6.162,59.643,15.827
244,245,OP1,3,5.912,61.047,16.225
245,246,OP2,3,7.542,59.211,15.51
246,247,O5',3,5.598,58.669,16.968
247,248,C5',3,4.214,58.697,17.307
248,249,C4',3,3.863,57.577,18.272
249,250,O4',3,3.91,56.298,17.582
250,251,C3',3,4.794,57.442,19.478
251,252,O3',3,4.03,57.189,20.643
252,253,C2',3,5.662,56.242,19.111
253,254,C1',3,4.665,55.388,18.347
254,255,N1,3,5.298,54.405,17.425
255,256,C2,3,4.934,53.056,17.493
256,257,O2,3,4.085,52.7,18.321
257,258,N3,3,5.523,52.176,16.647
258,259,C4,3,6.433,52.601,15.77
259,260,N4,3,6.987,51.698,14.958
260,261,C5,3,6.816,53.97,15.688
261,262,C6,3,6.23,54.828,16.527
262,263,P,4,4.296,58.039,21.978
263,264,OP1,4,3.078,58.832,22.259
264,265,OP2,4,5.61,58.701,21.823
265,266,O5',4,4.452,56.928,23.105
266,267,C5',4,5.139,55.738,22.806
267,268,C4',4,4.334,54.535,23.244
268,269,O4',4,4.321,53.559,22.18
269,270,C3',4,4.914,53.8,24.43
270,271,O3',4,3.911,53.028,25.066
271,272,C2',4,5.965,52.919,23.768
272,273,C1',4,5.308,52.573,22.428
273,274,N9,4,6.243,52.569,21.306
274,275,C8,4,6.935,53.637,20.809
275,276,N7,4,7.704,53.343,19.789
276,277,C5,4,7.505,51.986,19.605
277,278,C6,4,8.034,51.069,18.678
278,279,N6,4,8.912,51.407,17.729
279,280,N1,4,7.628,49.785,18.768
280,281,C2,4,6.75,49.451,19.722
281,282,N3,4,6.183,50.224,20.646
282,283,C4,4,6.607,51.492,20.532
283,284,P,5,4.147,52.491,26.561
284,285,OP1,5,2.827,52.122,27.118
285,286,OP2,5,4.997,53.482,27.261
286,287,O5',5,5.02,51.167,26.357
287,288,C5',5,4.502,50.083,25.592
288,289,C4',5,5.585,49.059,25.307
289,290,O4',5,6.317,49.443,24.13
290,291,C3',5,6.619,48.895,26.417
291,292,O3',5,6.368,47.665,27.107
292,293,C2',5,7.987,48.915,25.696
293,294,C1',5,7.627,48.945,24.212
294,295,N9,5,8.477,49.818,23.399
295,296,C8,5,8.721,51.155,23.6
296,297,N7,5,9.49,51.689,22.69
297,298,C5,5,9.767,50.641,21.822
298,299,C6,5,10.557,50.613,20.646
299,300,O6,5,11.186,51.543,20.12
300,301,N1,5,10.575,49.347,20.068
301,302,C2,5,9.915,48.248,20.565
302,303,N2,5,10.05,47.11,19.871
303,304,N3,5,9.173,48.259,21.665
304,305,C4,5,9.144,49.484,22.24
305,306,P,6,7.476,46.982,28.051
306,307,OP1,6,6.74,46.151,29.029
307,308,OP2,6,8.421,48.007,28.551
308,309,O5',6,8.243,45.998,27.057
309,310,C5',6,7.493,45.132,26.215
310,311,C4',6,8.326,43.95,25.747
311,312,O4',6,9.075,44.312,24.562
312,313,C3',6,9.354,43.435,26.738
313,314,O3',6,9.548,42.047,26.524
314,315,C2',6,10.601,44.241,26.371
315,316,C1',6,10.458,44.391,24.857
316,317,N1,6,10.956,45.693,24.326
317,318,C2,6,11.578,45.736,23.074
318,319,O2,6,11.723,44.685,22.437
319,320,N3,6,12.011,46.929,22.595
320,321,C4,6,11.836,48.038,23.314
321,322,N4,6,12.279,49.191,22.801
322,323,C5,6,11.197,48.017,24.588
323,324,C6,6,10.775,46.835,25.05
324,325,P,7,10.193,41.117,27.664
325,326,OP1,7,9.103,40.288,28.226
326,327,OP2,7,11.014,41.96,28.562
327,328,O5',7,11.181,40.177,26.835
328,329,C5',7,11.383,40.427,25.447
329,330,C4',7,12.855,40.354,25.096
330,331,O4',7,13.328,41.662,24.666
331,332,C3',7,13.769,39.95,26.248
332,333,O3',7,14.852,39.213,25.736
333,334,C2',7,14.231,41.3,26.779
334,335,C1',7,14.425,42.046,25.474
335,336,N1,7,14.417,43.525,25.619
336,337,C2,7,14.873,44.323,24.565
337,338,O2,7,15.276,43.78,23.527
338,339,N3,7,14.857,45.672,24.709
339,340,C4,7,14.414,46.217,25.844
340,341,N4,7,14.417,47.549,25.939
341,342,C5,7,13.947,45.419,26.93
342,343,C6,7,13.97,44.091,26.777
343,344,P,8,15.777,38.338,26.71
344,345,OP1,8,15.225,36.966,26.708
345,346,OP2,8,15.936,39.061,27.992
346,347,O5',8,17.192,38.335,25.966
347,348,C5',8,17.258,38.035,24.575
348,349,C4',8,18.181,38.999,23.849
349,350,O4',8,17.836,40.366,24.2
350,351,C3',8,19.665,38.85,24.173
351,352,O3',8,20.431,39.124,23.013
352,353,C2',8,19.882,39.911,25.247
353,354,C1',8,18.965,41.017,24.753
354,355,N9,8,18.504,41.916,25.806
355,356,C8,8,18.017,41.567,27.035
356,357,N7,8,17.666,42.592,27.775
357,358,C5,8,17.938,43.688,26.974
358,359,C6,8,17.788,45.074,27.178
359,360,N6,8,17.303,45.605,28.305
360,361,N1,8,18.157,45.895,26.175
361,362,C2,8,18.645,45.36,25.05
362,363,N3,8,18.83,44.078,24.741
363,364,C4,8,18.454,43.287,25.756
364,365,P,9,21.892,38.482,22.833
365,366,OP1,9,21.825,37.527,21.704
366,367,OP2,9,22.357,38.029,24.163
367,368,O5',9,22.795,39.723,22.393
368,369,C5',9,22.426,40.502,21.263
369,370,C4',9,23.114,41.852,21.297
370,371,O4',9,22.499,42.684,22.316
371,372,C3',9,24.604,41.802,21.624
372,373,O3',9,25.313,42.726,20.813
373,374,C2',9,24.658,42.186,23.102
374,375,C1',9,23.475,43.135,23.231
375,376,N9,9,22.882,43.142,24.566
376,377,C8,9,22.678,42.063,25.382
377,378,N7,9,22.122,42.364,26.531
378,379,C5,9,21.947,43.735,26.466
379,380,C6,9,21.404,44.666,27.373
380,381,N6,9,20.92,44.328,28.573
381,382,N1,9,21.378,45.963,26.996
382,383,C2,9,21.865,46.297,25.794
383,384,N3,9,22.398,45.512,24.858
384,385,C4,9,22.409,44.232,25.26
385,386,P,10,26.911,42.618,20.676
386,387,OP1,10,27.239,42.747,19.238
387,388,OP2,10,27.351,41.416,21.42
388,389,O5',10,27.445,43.911,21.456
389,390,C5',10,27.154,45.21,20.95
390,391,C4',10,27.196,46.258,22.052
391,392,O4',10,26.106,46.05,22.973
392,393,C3',10,28.427,46.228,22.932
393,394,O3',10,29.495,46.923,22.299
394,395,C2',10,27.941,46.967,24.18
395,396,C1',10,26.438,46.644,24.215
396,397,N9,10,26.058,45.734,25.296
397,398,C8,10,26.244,44.372,25.336
398,399,N7,10,25.806,43.819,26.434
399,400,C5,10,25.298,44.88,27.172
400,401,C6,10,24.689,44.893,28.451
401,402,O6,10,24.473,43.936,29.208
402,403,N1,10,24.317,46.18,28.833
403,404,C2,10,24.506,47.31,28.073
404,405,N2,10,24.083,48.463,28.61
405,406,N3,10,25.076,47.313,26.873
406,407,C4,10,25.445,46.067,26.487
407,409,N,285,19.439,64.267,14.375
408,410,CA,285,19.613,62.822,14.465
409,411,C,285,18.274,62.107,14.614
410,412,O,285,18.197,60.887,14.472
411,413,CB,285,20.525,62.46,15.638
412,414,CG,285,21.943,62.986,15.515
413,415,CD,285,22.768,62.603,16.731
414,416,CE,285,24.175,63.165,16.642
415,417,NZ,285,24.975,62.829,17.85
416,418,N,286,17.22,62.87,14.912
417,419,CA,286,15.893,62.275,15.029
418,420,C,286,15.336,61.881,13.667
419,421,O,286,14.546,60.933,13.57
420,422,CB,286,14.942,63.242,15.737
421,423,CG,286,13.587,62.645,16.091
422,424,CD,286,13.738,61.462,17.034
423,425,NE,286,14.539,61.803,18.206
424,426,CZ,286,14.043,62.314,19.328
425,427,NH1,286,12.741,62.545,19.435
426,428,NH2,286,14.848,62.594,20.344
427,429,N,287,15.74,62.589,12.61
428,430,CA,287,15.278,62.257,11.266
429,431,C,287,15.754,60.87,10.851
430,432,O,287,14.973,60.06,10.339
431,433,CB,287,15.759,63.318,10.275
432,434,CG,287,15.252,63.126,8.856
433,435,CD,287,15.699,64.238,7.923
434,436,OE1,287,16.514,65.084,8.35
435,437,OE2,287,15.234,64.267,6.764
436,438,N,288,17.04,60.578,11.065
437,439,CA,288,17.543,59.234,10.803
438,440,C,288,16.97,58.246,11.814
439,441,O,288,16.794,57.057,11.505
440,442,CB,288,19.085,59.238,10.81
441,443,CG1,288,19.628,57.896,10.339
442,444,CG2,288,19.616,60.37,9.941
443,445,N,289,16.658,58.72,13.027
444,446,CA,289,16.05,57.863,14.04
445,447,C,289,14.657,57.408,13.619
446,448,O,289,14.181,56.361,14.076
447,449,CB,289,15.994,58.604,15.378
448,450,CG,289,15.726,57.724,16.591
449,451,CD,289,15.958,58.507,17.878
450,452,NE,289,17.308,59.062,17.929
451,453,CZ,289,17.739,59.917,18.851
452,454,NH1,289,16.924,60.327,19.813
453,455,NH2,289,18.986,60.364,18.807
454,456,N,290,13.983,58.181,12.764
455,457,CA,290,12.731,57.732,12.167
456,458,C,290,12.941,56.993,10.852
457,459,O,290,12.14,56.116,10.506
458,460,CB,290,11.794,58.921,11.937
459,461,CG,290,11.472,59.801,13.146
460,462,CD1,290,10.386,60.81,12.796
461,463,CD2,290,11.068,58.962,14.35
462,464,N,291,14.002,57.33,10.113
463,465,CA,291,14.28,56.654,8.849
464,466,C,291,14.605,55.181,9.072
465,467,O,291,14.077,54.307,8.373
466,468,CB,291,15.426,57.357,8.12
467,469,CG,291,15.907,56.64,6.864
468,470,SD,291,14.619,56.438,5.617
469,471,CE,291,15.499,55.499,4.371
470,472,N,292,15.476,54.884,10.042
471,473,CA,292,15.814,53.49,10.315
472,474,C,292,14.6,52.699,10.786
473,475,O,292,14.489,51.5,10.5
474,476,CB,292,16.939,53.411,11.347
475,477,CG,292,18.25,54.026,10.884
476,478,CD,292,19.382,53.679,11.836
477,479,CE,292,19.556,52.172,11.948
478,480,NZ,292,20.656,51.803,12.88
479,481,N,293,13.68,53.349,11.503
480,482,CA,293,12.445,52.681,11.9
481,483,C,293,11.563,52.402,10.688
482,484,O,293,10.999,51.307,10.559
483,485,CB,293,11.702,53.535,12.928
484,486,CG,293,10.725,52.731,13.764
485,487,OD1,293,10.083,51.803,13.273
486,488,ND2,293,10.611,53.083,15.04
487,489,N,294,11.439,53.383,9.79
488,490,CA,294,10.691,53.18,8.551
489,491,C,294,11.238,51.994,7.767
490,492,O,294,10.479,51.134,7.305
491,493,CB,294,10.743,54.447,7.699
492,494,CG,294,10.48,54.198,6.224
493,495,CD,294,11.063,55.299,5.358
494,496,NE,294,10.46,56.594,5.646
495,497,CZ,294,10.79,57.721,5.029
496,498,NH1,294,11.722,57.711,4.086
497,499,NH2,294,10.19,58.857,5.352
498,500,N,295,12.562,51.936,7.606
499,501,CA,295,13.174,50.828,6.879
500,502,C,295,12.955,49.503,7.6
501,503,O,295,12.727,48.469,6.96
502,504,CB,295,14.667,51.096,6.686
503,505,CG,295,15.421,49.982,5.977
504,506,CD,295,16.922,50.21,5.971
505,507,OE1,295,17.38,51.185,6.604
506,508,OE2,295,17.642,49.413,5.333
507,509,N,296,13.018,49.513,8.935
508,510,CA,296,12.845,48.275,9.69
509,511,C,296,11.425,47.739,9.582
510,512,O,296,11.224,46.518,9.586
511,513,CB,296,13.216,48.495,11.156
512,514,N,297,10.432,48.629,9.484
513,515,CA,297,9.053,48.175,9.331
514,516,C,297,8.882,47.337,8.069
515,517,O,297,8.184,46.316,8.085
516,518,CB,297,8.103,49.371,9.314
517,519,N,298,9.521,47.746,6.969
518,520,CA,298,9.413,46.999,5.719
519,521,C,298,9.904,45.567,5.887
520,522,O,298,9.186,44.61,5.571
521,523,CB,298,10.2,47.702,4.614
522,524,CG,298,9.626,49.036,4.172
523,525,CD,298,10.384,49.551,2.962
524,526,NE,298,9.861,50.821,2.474
525,527,CZ,298,10.315,52.01,2.855
526,528,NH1,298,11.304,52.092,3.734
527,529,NH2,298,9.781,53.116,2.356
528,530,N,299,11.134,45.4,6.383
529,531,CA,299,11.667,44.056,6.582
530,532,C,299,10.839,43.267,7.587
531,533,O,299,10.723,42.041,7.467
532,534,CB,299,13.125,44.128,7.034
533,535,CG,299,14.051,44.782,6.024
534,536,CD,299,15.476,44.894,6.531
535,537,OE1,299,15.73,44.496,7.688
536,538,OE2,299,16.342,45.381,5.774
537,539,N,300,10.246,43.944,8.574
538,540,CA,300,9.384,43.246,9.522
539,541,C,300,8.131,42.704,8.839
540,542,O,300,7.717,41.569,9.103
541,543,CB,300,9.01,44.172,10.676
542,544,OG,300,8.282,43.472,11.669
543,545,N,301,7.515,43.498,7.955
544,546,CA,301,6.37,43.006,7.193
545,547,C,301,6.771,41.85,6.286
546,548,O,301,6.068,40.834,6.214
547,549,CB,301,5.757,44.135,6.366
548,550,CG,301,5.26,45.317,7.176
549,551,CD,301,5.041,46.532,6.286
550,552,NE,301,5.245,47.774,7.02
551,553,CZ,301,5.314,48.974,6.456
552,554,NH1,301,5.193,49.097,5.142
553,555,NH2,301,5.507,50.05,7.206
554,556,N,302,7.897,41.992,5.58
555,557,CA,302,8.384,40.916,4.722
556,558,C,302,8.526,39.615,5.503
557,559,O,302,8.02,38.567,5.083
558,560,CB,302,9.721,41.311,4.09
559,561,CG,302,10.386,40.192,3.295
560,562,CD,302,11.908,40.249,3.402
561,563,NE,302,12.476,41.423,2.745
562,564,CZ,302,13.091,41.395,1.567
563,565,NH1,302,13.226,40.248,0.914
564,566,NH2,302,13.578,42.513,1.043
565,567,N,303,9.207,39.667,6.653
566,568,CA,303,9.367,38.467,7.47
567,569,C,303,8.027,37.957,7.986
568,570,O,303,7.848,36.746,8.152
569,571,CB,303,10.314,38.745,8.64
570,572,CG,303,11.729,39.126,8.229
571,573,CD,303,12.451,37.969,7.559
572,574,CE,303,13.85,38.376,7.12
573,575,NZ,303,14.685,38.861,8.256
574,576,N,304,7.078,38.859,8.242
575,577,CA,304,5.752,38.443,8.689
576,578,C,304,5.053,37.611,7.619
577,579,O,304,4.682,36.453,7.851
578,580,CB,304,4.922,39.676,9.046
579,581,CG,304,3.49,39.38,9.463
580,582,CD,304,3.404,39.026,10.935
581,583,CE,304,1.96,38.931,11.403
582,584,NZ,304,1.234,40.224,11.27
583,585,N,305,4.871,38.195,6.431
584,586,CA,305,4.199,37.489,5.346
585,587,C,305,4.928,36.198,4.994
586,588,O,305,4.297,35.15,4.809
587,589,CB,305,4.089,38.402,4.123
588,590,CG,305,3.171,37.871,3.039
589,591,CD,305,3.066,38.836,1.868
590,592,CE,305,2.134,38.286,0.797
591,593,NZ,305,2.059,39.166,-0.401
592,594,N,306,6.259,36.255,4.905
593,595,CA,306,7.039,35.05,4.64
594,596,C,306,6.775,33.982,5.691
595,597,O,306,6.635,32.796,5.365
596,598,CB,306,8.526,35.395,4.589
597,599,CG,306,9.444,34.19,4.477
598,600,CD,306,10.908,34.577,4.423
599,601,OE1,306,11.205,35.791,4.447
600,602,OE2,306,11.763,33.669,4.356
601,603,N,307,6.69,34.388,6.959
602,604,CA,307,6.456,33.429,8.032
603,605,C,307,5.07,32.805,7.928
604,606,O,307,4.9,31.603,8.181
605,607,CB,307,6.651,34.118,9.38
606,608,CG,307,6.024,33.404,10.549
607,609,CD1,307,6.528,32.195,11.001
608,610,CD2,307,4.939,33.953,11.217
609,611,CE1,307,5.958,31.546,12.078
610,612,CE2,307,4.364,33.314,12.294
611,613,CZ,307,4.876,32.112,12.72
612,614,OH,307,4.298,31.476,13.794
613,615,N,308,4.065,33.597,7.546
614,616,CA,308,2.725,33.042,7.382
615,617,C,308,2.694,32.053,6.222
616,618,O,308,2.11,30.965,6.33
617,619,CB,308,1.693,34.167,7.196
618,620,CG1,308,0.307,33.575,7.0
619,621,CG2,308,1.713,35.102,8.394
620,622,N,309,3.318,32.409,5.094
621,623,CA,309,3.406,31.469,3.981
622,624,C,309,4.104,30.181,4.406
623,625,O,309,3.705,29.083,3.996
624,626,CB,309,4.129,32.114,2.797
625,627,CG,309,3.339,33.231,2.12
626,628,CD,309,4.066,33.782,0.896
627,629,CE,309,3.228,34.834,0.175
628,630,NZ,309,3.932,35.41,-1.008
629,631,N,310,5.136,30.296,5.245
630,632,CA,310,5.798,29.103,5.762
631,633,C,310,4.838,28.25,6.581
632,634,O,310,4.792,27.024,6.416
633,635,CB,310,7.014,29.495,6.6
634,636,SG,310,7.896,28.093,7.316
635,637,N,311,4.064,28.877,7.472
636,638,CA,311,3.093,28.126,8.264
637,639,C,311,2.113,27.381,7.371
638,640,O,311,1.901,26.174,7.536
639,641,CB,311,2.338,29.057,9.211
640,642,CG,311,2.949,29.294,10.589
641,643,CD1,311,2.003,30.118,11.446
642,644,CD2,311,3.277,27.971,11.262
643,645,N,312,1.506,28.085,6.412
644,646,CA,312,0.529,27.446,5.533
645,647,C,312,1.152,26.286,4.762
646,648,O,312,0.563,25.2,4.674
647,649,CB,312,-0.061,28.482,4.578
648,650,CG,312,-0.766,29.627,5.292
649,651,CD,312,-1.109,30.781,4.369
650,652,OE1,312,-0.473,30.905,3.301
651,653,OE2,312,-2.018,31.567,4.714
652,654,N,313,2.348,26.496,4.205
653,655,CA,313,3.083,25.411,3.561
654,656,C,313,3.215,24.212,4.493
655,657,O,313,2.94,23.068,4.106
656,658,CB,313,4.461,25.917,3.128
657,659,CG,313,5.204,24.931,2.246
658,660,OD1,313,5.434,23.782,2.626
659,661,ND2,313,5.587,25.381,1.057
660,662,N,314,3.623,24.463,5.739
661,663,CA,314,3.784,23.376,6.697
662,664,C,314,2.463,22.66,6.948
663,665,O,314,2.432,21.433,7.111
664,666,CB,314,4.359,23.915,8.003
665,667,CG,314,4.731,22.829,8.978
666,668,CD,314,4.973,23.391,10.356
667,669,NE,314,5.171,22.324,11.328
668,670,CZ,314,6.36,21.852,11.678
669,671,NH1,314,7.457,22.362,11.14
670,672,NH2,314,6.452,20.875,12.569
671,673,N,315,1.359,23.41,6.974
672,674,CA,315,0.045,22.801,7.169
673,675,C,315,-0.283,21.869,6.013
674,676,O,315,-0.732,20.737,6.217
675,677,CB,315,-1.035,23.884,7.332
676,678,CG1,315,-2.415,23.256,7.282
677,679,CG2,315,-0.842,24.627,8.628
678,680,N,316,-0.077,22.336,4.779
679,681,CA,316,-0.35,21.495,3.618
680,682,C,316,0.479,20.218,3.663
681,683,O,316,-0.048,19.111,3.472
682,684,CB,316,-0.073,22.273,2.333
683,685,N,317,1.781,20.354,3.931
684,686,CA,317,2.65,19.183,4.035
685,687,C,317,2.112,18.213,5.078
686,688,O,317,1.995,17.005,4.831
687,689,CB,317,4.091,19.613,4.357
688,690,CG1,317,4.949,18.398,4.652
689,691,CG2,317,4.672,20.413,3.205
690,692,N,318,1.759,18.731,6.256
691,693,CA,318,1.27,17.86,7.32
692,694,C,318,-0.056,17.205,6.946
693,695,O,318,-0.321,16.07,7.359
694,696,CB,318,1.142,18.649,8.622
695,697,CG,318,2.368,18.671,9.544
696,698,CD1,318,3.654,19.006,8.794
697,699,CD2,318,2.155,19.652,10.684
698,700,N,319,-0.885,17.888,6.154
699,701,CA,319,-2.135,17.295,5.687
700,702,C,319,-1.866,16.12,4.758
701,703,O,319,-2.471,15.049,4.903
702,704,CB,319,-2.99,18.347,4.978
703,705,CG,319,-3.654,19.366,5.892
704,706,CD,319,-4.516,20.359,5.128
705,707,OE1,319,-4.559,20.281,3.881
706,708,OE2,319,-5.151,21.219,5.773
707,709,N,320,-0.962,16.301,3.791
708,710,CA,320,-0.644,15.21,2.874
709,711,C,320,-0.032,14.029,3.618
710,712,O,320,-0.408,12.87,3.39
711,713,CB,320,0.295,15.706,1.778
712,714,CG,320,-0.284,16.871,1.01
713,715,OD1,320,-1.503,17.025,0.924
714,716,ND2,320,0.586,17.704,0.449
715,717,N,321,0.91,14.307,4.523
716,718,CA,321,1.503,13.24,5.321
717,719,C,321,0.44,12.494,6.121
718,720,O,321,0.45,11.259,6.18
719,721,CB,321,2.576,13.814,6.246
720,722,CG,321,3.773,14.408,5.513
721,723,CD,321,4.731,15.136,6.441
722,724,OE1,321,4.366,15.524,7.551
723,725,NE2,321,5.966,15.322,5.988
724,726,N,322,-0.499,13.229,6.726
725,727,CA,322,-1.569,12.588,7.487
726,728,C,322,-2.417,11.685,6.6
727,729,O,322,-2.701,10.537,6.959
728,730,CB,322,-2.444,13.643,8.163
729,731,CG,322,-1.926,14.041,9.529
730,732,OD1,322,-1.389,13.217,10.268
731,733,ND2,322,-2.087,15.313,9.874
732,734,N,323,-2.843,12.192,5.439
733,735,CA,323,-3.668,11.378,4.549
734,736,C,323,-2.939,10.105,4.133
735,737,O,323,-3.525,9.014,4.141
736,738,CB,323,-4.084,12.192,3.322
737,739,CG,323,-5.029,13.344,3.637
738,740,CD,323,-5.326,14.183,2.403
739,741,CE,323,-6.172,15.401,2.753
740,742,NZ,323,-6.4,16.289,1.578
741,743,N,324,-1.651,10.22,3.793
742,744,CA,324,-0.891,9.044,3.379
743,745,C,324,-0.774,8.033,4.515
744,746,O,324,-1.008,6.832,4.321
745,747,CB,324,0.494,9.46,2.888
746,748,OG1,324,0.362,10.517,1.93
747,749,CG2,324,1.193,8.285,2.229
748,750,N,325,-0.415,8.503,5.714
749,751,CA,325,-0.294,7.594,6.851
750,752,C,325,-1.616,6.894,7.145
751,753,O,325,-1.645,5.681,7.378
752,754,CB,325,0.193,8.353,8.086
753,755,CG,325,1.593,8.973,8.055
754,756,CD1,325,1.839,9.795,9.31
755,757,CD2,325,2.662,7.909,7.906
756,758,N,326,-2.723,7.641,7.127
757,759,CA,326,-4.026,7.045,7.414
758,760,C,326,-4.379,5.993,6.368
759,761,O,326,-4.89,4.914,6.7
760,762,CB,326,-5.103,8.143,7.513
761,763,CG1,326,-4.929,8.939,8.809
762,764,CG2,326,-6.498,7.543,7.433
763,765,CD1,326,-6.028,9.947,9.064
764,766,N,327,-4.104,6.28,5.092
765,767,CA,327,-4.391,5.294,4.054
766,768,C,327,-3.555,4.032,4.242
767,769,O,327,-4.058,2.913,4.07
768,770,CB,327,-4.159,5.898,2.669
769,771,CG,327,-5.197,6.938,2.268
770,772,CD,327,-6.615,6.388,2.272
771,773,OE1,327,-6.798,5.192,1.955
772,774,OE2,327,-7.547,7.154,2.596
773,775,N,328,-2.281,4.189,4.612
774,776,CA,328,-1.44,3.014,4.833
775,777,C,328,-1.918,2.209,6.038
776,778,O,328,-1.853,0.973,6.033
777,779,CB,328,0.019,3.435,5.01
778,780,CG,328,0.999,2.27,5.013
779,781,CD,328,1.11,1.586,3.659
780,782,OE1,328,0.735,2.204,2.64
781,783,OE2,328,1.574,0.427,3.615
782,784,N,329,-2.397,2.892,7.081
783,785,CA,329,-2.985,2.191,8.217
784,786,C,329,-4.214,1.399,7.798
785,787,O,329,-4.379,0.241,8.198
786,788,CB,329,-3.352,3.18,9.321
787,789,CG,329,-2.293,3.457,10.383
788,790,CD1,329,-2.876,4.354,11.458
789,791,CD2,329,-1.786,2.155,10.981
790,792,N,330,-5.096,2.011,7.005
791,793,CA,330,-6.255,1.28,6.501
792,794,C,330,-5.824,0.048,5.714
793,795,O,330,-6.416,-1.03,5.859
794,796,CB,330,-7.121,2.196,5.635
795,797,CG,330,-7.795,3.327,6.395
796,798,CD,330,-8.755,4.094,5.498
797,799,CE,330,-9.485,5.185,6.266
798,800,NZ,330,-10.452,5.915,5.4
799,801,N,331,-4.781,0.184,4.891
800,802,CA,331,-4.308,-0.947,4.098
801,803,C,331,-3.783,-2.067,4.989
802,804,O,331,-4.126,-3.242,4.8
803,805,CB,331,-3.227,-0.483,3.122
804,806,N,332,-2.952,-1.721,5.977
805,807,CA,332,-2.385,-2.747,6.847
806,808,C,332,-3.446,-3.394,7.731
807,809,O,332,-3.322,-4.574,8.078
808,810,CB,332,-1.265,-2.158,7.702
809,811,CG,332,0.152,-2.334,7.151
810,812,CD1,332,0.298,-1.688,5.78
811,813,CD2,332,1.176,-1.774,8.123
812,814,N,333,-4.489,-2.648,8.103
813,815,CA,333,-5.589,-3.253,8.847
814,816,C,333,-6.388,-4.207,7.967
815,817,O,333,-6.789,-5.287,8.417
816,818,CB,333,-6.493,-2.168,9.432
817,819,CG,333,-5.834,-1.338,10.526
818,820,CD,333,-6.852,-0.493,11.281
819,821,CE,333,-7.602,0.445,10.349
820,822,NZ,333,-8.658,1.206,11.075
821,823,N,334,-6.625,-3.832,6.706
822,824,CA,334,-7.262,-4.758,5.776
823,825,C,334,-6.374,-5.95,5.451
824,826,O,334,-6.875,-6.957,4.94
825,827,CB,334,-7.65,-4.037,4.484
826,828,CG,334,-8.852,-3.132,4.658
827,829,OD1,334,-9.404,-3.081,5.777
828,830,OD2,334,-9.247,-2.473,3.672
829,831,N,335,-5.07,-5.86,5.732
830,832,CA,335,-4.177,-6.981,5.454
831,833,C,335,-4.47,-8.178,6.352
832,834,O,335,-4.204,-9.321,5.962
833,835,CB,335,-2.718,-6.54,5.604
834,836,CG,335,-1.608,-7.504,5.169
835,837,CD1,335,-0.459,-6.739,4.521
836,838,CD2,335,-1.1,-8.324,6.349
837,839,N,336,-5.019,-7.947,7.545
838,840,CA,336,-5.291,-9.053,8.458
839,841,C,336,-6.577,-9.791,8.107
840,842,O,336,-6.701,-10.985,8.403
841,843,CB,336,-5.353,-8.539,9.896
842,844,CG,336,-4.04,-7.966,10.37
843,845,CD1,336,-2.843,-8.61,10.09
844,846,CD2,336,-3.994,-6.774,11.078
845,847,CE1,336,-1.637,-8.091,10.514
846,848,CE2,336,-2.79,-6.245,11.504
847,849,CZ,336,-1.615,-6.908,11.22
848,850,OH,336,-0.413,-6.386,11.643
849,851,N,337,-7.53,-9.11,7.479
850,852,CA,337,-8.803,-9.72,7.116
851,853,C,337,-8.621,-10.818,6.073
852,854,O,337,-8.79,-12.001,6.369
853,855,CB,337,-9.77,-8.656,6.594
854,856,OG,337,-9.928,-7.608,7.535
855,858,N,18,7.017,31.848,22.825
856,859,CA,18,7.83,31.614,21.637
857,860,C,18,8.659,32.848,21.287
858,861,O,18,8.262,33.972,21.602
859,862,CB,18,6.942,31.206,20.459
860,863,CG,18,6.589,29.732,20.485
861,864,OD1,18,6.62,29.095,21.538
862,865,ND2,18,6.262,29.18,19.323
863,866,N,19,9.811,32.636,20.645
864,867,CA,19,10.7,33.762,20.331
865,868,C,19,10.011,34.798,19.455
866,869,O,19,9.238,34.464,18.557
867,870,CB,19,11.872,33.096,19.599
868,871,CG,19,11.329,31.783,19.116
869,872,CD,19,10.365,31.355,20.174
870,873,N,20,10.308,36.069,19.726
871,874,CA,20,9.637,37.156,19.021
872,875,C,20,10.101,37.251,17.572
873,876,O,20,9.28,37.354,16.653
874,877,CB,20,9.885,38.477,19.747
875,878,CG,20,9.345,38.53,21.165
876,879,CD,20,10.164,39.479,22.034
877,880,NE,20,10.528,40.708,21.331
878,881,CZ,20,11.737,40.955,20.832
879,882,NH1,20,12.705,40.056,20.957
880,883,NH2,20,11.976,42.098,20.204
881,884,N,21,11.414,37.218,17.35
882,885,CA,21,11.967,37.458,16.022
883,886,C,21,11.523,36.371,15.048
884,887,O,21,11.632,35.177,15.339
885,888,CB,21,13.492,37.527,16.106
886,889,CG,21,14.192,37.924,14.817
887,890,CD,21,15.641,38.312,15.088
888,891,CE,21,16.468,38.298,13.813
889,892,NZ,21,15.853,39.126,12.741
890,893,N,22,11.019,36.793,13.883
891,894,CA,22,10.426,35.845,12.942
892,895,C,22,11.457,34.89,12.361
893,896,O,22,11.101,33.783,11.946
894,897,CB,22,9.713,36.588,11.813
895,898,CG,22,8.439,37.245,12.238
896,899,CD1,22,7.641,36.671,13.214
897,900,CD2,22,8.042,38.44,11.673
898,901,CE1,22,6.466,37.276,13.613
899,902,CE2,22,6.87,39.051,12.07
900,903,CZ,22,6.082,38.467,13.042
901,904,N,23,12.726,35.296,12.307
902,905,CA,23,13.764,34.382,11.843
903,906,C,23,13.803,33.125,12.702
904,907,O,23,14.002,32.017,12.19
905,908,CB,23,15.12,35.085,11.851
906,909,OG,23,15.054,36.321,11.16
907,910,N,24,13.592,33.278,14.012
908,911,CA,24,13.601,32.125,14.905
909,912,C,24,12.34,31.282,14.751
910,913,O,24,12.4,30.053,14.88
911,914,CB,24,13.765,32.589,16.353
912,915,CG,24,14.922,33.558,16.566
913,916,CD,24,15.103,33.95,18.022
914,917,OE1,24,15.052,33.055,18.891
915,918,OE2,24,15.293,35.154,18.298
916,919,N,25,11.197,31.915,14.472
917,920,CA,25,9.968,31.159,14.243
918,921,C,25,10.062,30.336,12.962
919,922,O,25,9.733,29.142,12.948
920,923,CB,25,8.77,32.109,14.19
921,924,CG,25,8.469,32.807,15.51
922,925,CD,25,7.287,33.763,15.39
923,926,CE,25,6.76,34.17,16.761
924,927,NZ,25,5.605,35.113,16.701
925,928,N,26,10.518,30.962,11.875
926,929,CA,26,10.717,30.244,10.619
927,930,C,26,11.763,29.15,10.789
928,931,O,26,11.63,28.048,10.24
929,932,CB,26,11.105,31.232,9.503
930,933,CG1,26,10.015,32.29,9.33
931,934,CG2,26,11.352,30.496,8.198
932,935,CD1,26,10.353,33.35,8.307
933,936,N,27,12.824,29.434,11.55
934,937,CA,27,13.838,28.417,11.806
935,938,C,27,13.237,27.215,12.525
936,939,O,27,13.501,26.063,12.156
937,940,CB,27,14.989,29.014,12.617
938,941,N,28,12.414,27.466,13.547
939,942,CA,28,11.772,26.374,14.272
940,943,C,28,10.855,25.571,13.359
941,944,O,28,10.9,24.335,13.349
942,945,CB,28,10.987,26.921,15.462
943,946,CG,28,11.777,27.324,16.704
944,947,CD1,28,10.836,27.881,17.762
945,948,CD2,28,12.554,26.133,17.243
946,949,N,29,10.01,26.257,12.585
947,950,CA,29,9.058,25.544,11.74
948,951,C,29,9.77,24.715,10.678
949,952,O,29,9.385,23.571,10.413
950,953,CB,29,8.084,26.526,11.091
951,954,CG,29,7.232,27.307,12.082
952,955,CD,29,6.403,26.41,12.987
953,956,OE1,29,6.072,25.281,12.631
954,957,NE2,29,6.067,26.914,14.168
955,958,N,30,10.819,25.267,10.067
956,959,CA,30,11.523,24.525,9.026
957,960,C,30,12.321,23.365,9.61
958,961,O,30,12.4,22.294,8.997
959,962,CB,30,12.433,25.46,8.233
960,963,CG,30,11.707,26.286,7.184
961,964,CD,30,12.693,27.059,6.326
962,965,CE,30,11.998,27.79,5.192
963,966,NZ,30,12.983,28.464,4.301
964,967,N,31,12.921,23.555,10.787
965,968,CA,31,13.666,22.466,11.413
966,969,C,31,12.736,21.332,11.823
967,970,O,31,12.99,20.161,11.508
968,971,CB,31,14.446,22.987,12.618
969,972,CG,31,15.236,21.917,13.35
970,973,CD,31,16.082,22.487,14.47
971,974,OE1,31,16.16,23.704,14.649
972,975,NE2,31,16.723,21.608,15.233
973,976,N,32,11.649,21.662,12.528
974,977,CA,32,10.662,20.649,12.891
975,978,C,32,10.112,19.945,11.657
976,979,O,32,9.955,18.719,11.652
977,980,CB,32,9.519,21.281,13.689
978,981,CG,32,9.897,21.809,15.064
979,982,CD,32,8.659,22.307,15.807
980,983,NE,32,8.97,22.796,17.148
981,984,CZ,32,8.068,23.281,17.997
982,985,NH1,32,6.79,23.344,17.646
983,986,NH2,32,8.442,23.704,19.198
984,987,N,33,9.814,20.704,10.598
985,988,CA,33,9.271,20.103,9.384
986,989,C,33,10.276,19.156,8.74
987,990,O,33,9.902,18.082,8.257
988,991,CB,33,8.853,21.197,8.401
989,992,CG,33,8.191,20.686,7.133
990,993,CD,33,7.648,21.811,6.273
991,994,OE1,33,7.309,22.883,6.774
992,995,NE2,33,7.567,21.574,4.97
993,996,N,34,11.555,19.533,8.731
994,997,CA,34,12.577,18.652,8.175
995,998,C,34,12.729,17.387,9.008
996,999,O,34,12.964,16.303,8.462
997,1000,CB,34,13.909,19.392,8.075
998,1001,N,35,12.598,17.504,10.331
999,1002,CA,35,12.729,16.335,11.197
1000,1003,C,35,11.55,15.381,11.018
1001,1004,O,35,11.735,14.167,10.85
1002,1005,CB,35,12.852,16.786,12.652
1003,1006,CG,35,13.38,15.726,13.601
1004,1007,CD,35,13.743,16.298,14.96
1005,1008,OE1,35,13.537,17.513,15.169
1006,1009,OE2,35,14.237,15.535,15.817
1007,1010,N,36,10.328,15.919,11.044
1008,1011,CA,36,9.139,15.091,10.862
1009,1012,C,36,9.101,14.474,9.471
1010,1013,O,36,8.656,13.332,9.301
1011,1014,CB,36,7.883,15.924,11.111
1012,1015,CG,36,7.786,16.47,12.524
1013,1016,CD,36,6.882,17.681,12.62
1014,1017,OE1,36,6.392,18.144,11.568
1015,1018,OE2,36,6.665,18.172,13.748
1016,1019,N,37,9.561,15.216,8.461
1017,1020,CA,37,9.641,14.659,7.116
1018,1021,C,37,10.716,13.583,7.024
1019,1022,O,37,10.555,12.608,6.282
1020,1023,CB,37,9.906,15.772,6.102
1021,1024,OG1,37,8.892,16.776,6.223
1022,1025,CG2,37,9.886,15.223,4.687
1023,1026,N,38,11.809,13.734,7.773
1024,1027,CA,38,12.833,12.696,7.806
1025,1028,C,38,12.285,11.406,8.403
1026,1029,O,38,12.42,10.328,7.809
1027,1030,CB,38,14.049,13.184,8.595
1028,1031,N,39,11.653,11.5,9.578
1029,1032,CA,39,11.104,10.305,10.214
1030,1033,C,39,10.0,9.684,9.366
1031,1034,O,39,9.898,8.454,9.265
1032,1035,CB,39,10.581,10.645,11.609
1033,1036,N,40,9.169,10.522,8.743
1034,1037,CA,40,8.092,10.022,7.894
1035,1038,C,40,8.645,9.286,6.679
1036,1039,O,40,8.197,8.18,6.348
1037,1040,CB,40,7.201,11.193,7.479
1038,1041,CG,40,6.309,10.907,6.308
1039,1042,CD1,40,5.11,10.235,6.477
1040,1043,CD2,40,6.653,11.346,5.039
1041,1044,CE1,40,4.281,9.99,5.399
1042,1045,CE2,40,5.829,11.104,3.959
1043,1046,CZ,40,4.642,10.425,4.137
1044,1047,N,41,9.635,9.883,6.009
1045,1048,CA,41,10.247,9.232,4.856
1046,1049,C,41,10.902,7.915,5.247
1047,1050,O,41,10.76,6.913,4.537
1048,1051,CB,41,11.264,10.165,4.2
1049,1052,CG,41,10.647,11.266,3.355
1050,1053,CD,41,11.69,12.157,2.709
1051,1054,OE1,41,12.891,11.971,2.993
1052,1055,OE2,41,11.309,13.044,1.916
1053,1056,N,42,11.62,7.892,6.374
1054,1057,CA,42,12.224,6.639,6.816
1055,1058,C,42,11.161,5.588,7.106
1056,1059,O,42,11.356,4.402,6.818
1057,1060,CB,42,13.092,6.867,8.051
1058,1061,CG,42,13.783,5.599,8.536
1059,1062,CD,42,14.419,5.756,9.9
1060,1063,OE1,42,14.312,6.855,10.485
1061,1064,OE2,42,15.024,4.779,10.389
1062,1065,N,43,10.025,6.001,7.67
1063,1066,CA,43,8.985,5.033,8.007
1064,1067,C,43,8.341,4.467,6.746
1065,1068,O,43,8.009,3.277,6.684
1066,1069,CB,43,7.946,5.671,8.946
1067,1070,CG1,43,6.675,4.833,8.989
1068,1071,CG2,43,8.527,5.807,10.344
1069,1088,N,46,9.762,1.22,4.379
1070,1089,CA,46,9.699,-0.201,4.705
1071,1090,C,46,8.275,-0.744,4.674
1072,1091,O,46,7.832,-1.389,5.629
1073,1092,CB,46,10.336,-0.451,6.077
1074,1093,CG,46,11.725,0.145,6.188
1075,1094,OD1,46,12.501,0.035,5.213
1076,1095,OD2,46,12.049,0.726,7.246
1077,1096,N,47,7.556,-0.508,3.578
1078,1097,CA,47,6.229,-1.091,3.4
1079,1098,C,47,6.284,-2.233,2.389
1080,1099,O,47,5.474,-3.168,2.448
1081,1100,CB,47,5.205,-0.025,2.977
1082,1101,CG1,47,5.647,0.659,1.684
1083,1102,CG2,47,5.026,0.99,4.09
1084,1103,CD1,47,4.623,1.62,1.126
1085,1104,N,48,7.241,-2.176,1.462
1086,1105,CA,48,7.416,-3.28,0.534
1087,1106,C,48,7.799,-4.565,1.24
1088,1107,O,48,7.121,-5.585,1.108
1089,1108,N,49,8.892,-4.526,2.008
1090,1109,CA,49,9.289,-5.695,2.784
1091,1110,C,49,8.223,-6.068,3.802
1092,1111,O,49,8.128,-7.234,4.201
1093,1112,CB,49,10.626,-5.433,3.476
1094,1113,OG,49,10.551,-4.297,4.318
1095,1114,N,50,7.414,-5.097,4.231
1096,1115,CA,50,6.308,-5.394,5.134
1097,1116,C,50,5.281,-6.294,4.46
1098,1117,O,50,4.887,-7.33,5.009
1099,1118,CB,50,5.657,-4.094,5.608
1100,1119,OG1,50,6.513,-3.445,6.558
1101,1120,CG2,50,4.302,-4.371,6.242
1102,1121,N,51,4.843,-5.92,3.256
1103,1122,CA,51,3.848,-6.723,2.557
1104,1123,C,51,4.434,-8.006,1.982
1105,1124,O,51,3.688,-8.968,1.762
1106,1125,CB,51,3.191,-5.891,1.458
1107,1126,CG,51,2.571,-4.619,1.998
1108,1127,CD,51,1.744,-3.896,0.963
1109,1128,NE,51,1.14,-2.695,1.529
1110,1129,CZ,51,0.263,-1.928,0.892
1111,1130,NH1,51,-0.119,-2.238,-0.34
1112,1131,NH2,51,-0.233,-0.854,1.488
1113,1132,N,52,5.746,-8.049,1.743
1114,1133,CA,52,6.373,-9.286,1.294
1115,1134,C,52,6.484,-10.29,2.433
1116,1135,O,52,6.068,-11.446,2.296
1117,1136,CB,52,7.751,-8.996,0.699
1118,1137,CG,52,7.732,-8.271,-0.643
1119,1138,CD1,52,9.082,-8.382,-1.331
1120,1139,CD2,52,6.629,-8.833,-1.516
1121,1140,N,53,7.046,-9.868,3.566
1122,1141,CA,53,7.162,-10.772,4.702
1123,1142,C,53,5.811,-11.082,5.332
1124,1143,O,53,5.691,-12.082,6.047
1125,1144,CB,53,8.106,-10.18,5.747
1126,1145,CG,53,9.513,-9.941,5.233
1127,1146,CD,53,10.299,-9.001,6.12
1128,1147,OE1,53,9.857,-8.647,7.213
1129,1148,NE2,53,11.469,-8.585,5.652
1130,1149,N,54,4.792,-10.256,5.078
1131,1150,CA,54,3.479,-10.517,5.656
1132,1151,C,54,2.775,-11.681,4.969
1133,1152,O,54,1.938,-12.346,5.59
1134,1153,CB,54,2.614,-9.26,5.587
1135,1154,N,55,3.09,-11.945,3.701
1136,1155,CA,55,2.41,-13.01,2.975
1137,1156,C,55,3.044,-14.378,3.186
1138,1157,O,55,2.364,-15.395,3.005
1139,1158,CB,55,2.377,-12.697,1.477
1140,1159,CG,55,3.712,-12.872,0.778
1141,1160,CD,55,3.578,-12.894,-0.726
1142,1161,OE1,55,2.493,-12.681,-1.266
1143,1162,NE2,55,4.68,-13.16,-1.414
1144,1163,N,56,4.317,-14.431,3.563
1145,1164,CA,56,5.006,-15.702,3.756
1146,1165,C,56,4.703,-16.291,5.13
1147,1166,O,56,4.956,-15.659,6.155
1148,1167,CB,56,6.517,-15.525,3.579
1149,1168,CG,56,6.929,-15.047,2.195
1150,1169,CD,56,8.428,-14.793,2.12
1151,1170,CE,56,8.85,-13.686,3.075
1152,1171,NZ,56,10.31,-13.397,2.988
